名称,分类,图片URL
45发K437扩容弹匣,弹夹,https://hpromax.top/static/assets/ui-cutouts/%E9%85%8D%E4%BB%B6%E5%9B%BE%E7%89%87/%E5%BC%B9%E5%A4%B9/45%E5%8F%91K437%E6%89%A9%E5%AE%B9%E5%BC%B9%E5%8C%A3-removebg-preview.png
5.56_4530发聚合物弹匣,弹夹,https://hpromax.top/static/assets/ui-cutouts/%E9%85%8D%E4%BB%B6%E5%9B%BE%E7%89%87/%E5%BC%B9%E5%A4%B9/5.56_4530%E5%8F%91%E8%81%9A%E5%90%88%E7%89%A9%E5%BC%B9%E5%8C%A3-removebg-preview.png
5.56_4530发铝匣,弹夹,https://hpromax.top/static/assets/ui-cutouts/%E9%85%8D%E4%BB%B6%E5%9B%BE%E7%89%87/%E5%BC%B9%E5%A4%B9/5.56_4530%E5%8F%91%E9%93%9D%E5%8C%A3-removebg-preview.png
5.8新式30发弹匣,弹夹,https://hpromax.top/static/assets/ui-cutouts/%E9%85%8D%E4%BB%B6%E5%9B%BE%E7%89%87/%E5%BC%B9%E5%A4%B9/5.8%E6%96%B0%E5%BC%8F30%E5%8F%91%E5%BC%B9%E5%8C%A3-removebg-preview.png
5.8新式45发扩容弹匣,弹夹,https://hpromax.top/static/assets/ui-cutouts/%E9%85%8D%E4%BB%B6%E5%9B%BE%E7%89%87/%E5%BC%B9%E5%A4%B9/5.8%E6%96%B0%E5%BC%8F45%E5%8F%91%E6%89%A9%E5%AE%B9%E5%BC%B9%E5%8C%A3-removebg-preview.png
5.8新式60发弹鼓,弹夹,https://hpromax.top/static/assets/ui-cutouts/%E9%85%8D%E4%BB%B6%E5%9B%BE%E7%89%87/%E5%BC%B9%E5%A4%B9/5.8%E6%96%B0%E5%BC%8F60%E5%8F%91%E5%BC%B9%E9%BC%93-removebg-preview.png
93R18发弹匣,弹夹,https://hpromax.top/static/assets/ui-cutouts/%E9%85%8D%E4%BB%B6%E5%9B%BE%E7%89%87/%E5%BC%B9%E5%A4%B9/93R18%E5%8F%91%E5%BC%B9%E5%8C%A3-removebg-preview.png
93R24发弹匣,弹夹,https://hpromax.top/static/assets/ui-cutouts/%E9%85%8D%E4%BB%B6%E5%9B%BE%E7%89%87/%E5%BC%B9%E5%A4%B9/93R24%E5%8F%91%E5%BC%B9%E5%8C%A3-removebg-preview.png
沙鹰13发弹匣,弹夹,https://hpromax.top/static/assets/ui-cutouts/%E9%85%8D%E4%BB%B6%E5%9B%BE%E7%89%87/%E5%BC%B9%E5%A4%B9/%E6%B2%99%E9%B9%B013%E5%8F%91%E5%BC%B9%E5%8C%A3-removebg-preview.png
霰弹枪快速装填器,弹夹,https://hpromax.top/static/assets/ui-cutouts/%E9%85%8D%E4%BB%B6%E5%9B%BE%E7%89%87/%E5%BC%B9%E5%A4%B9/%E9%9C%B0%E5%BC%B9%E6%9E%AA%E5%BF%AB%E9%80%9F%E8%A3%85%E5%A1%AB%E5%99%A8-removebg-preview.png
新式45发扩容弹匣,弹夹,https://hpromax.top/static/assets/ui-cutouts/%E9%85%8D%E4%BB%B6%E5%9B%BE%E7%89%87/%E5%BC%B9%E5%A4%B9/%E6%96%B0%E5%BC%8F45%E5%8F%91%E6%89%A9%E5%AE%B9%E5%BC%B9%E5%8C%A3-removebg-preview.png
新式75发扩容弹鼓,弹夹,https://hpromax.top/static/assets/ui-cutouts/%E9%85%8D%E4%BB%B6%E5%9B%BE%E7%89%87/%E5%BC%B9%E5%A4%B9/%E6%96%B0%E5%BC%8F75%E5%8F%91%E6%89%A9%E5%AE%B9%E5%BC%B9%E9%BC%93-removebg-preview.png
野牛64发弹筒,弹夹,https://hpromax.top/static/assets/ui-cutouts/%E9%85%8D%E4%BB%B6%E5%9B%BE%E7%89%87/%E5%BC%B9%E5%A4%B9/%E9%87%8E%E7%89%9B64%E5%8F%91%E5%BC%B9%E7%AD%92-removebg-preview.png
勇士45发扩容弹匣,弹夹,https://hpromax.top/static/assets/ui-cutouts/%E9%85%8D%E4%BB%B6%E5%9B%BE%E7%89%87/%E5%BC%B9%E5%A4%B9/%E5%8B%87%E5%A3%AB45%E5%8F%91%E6%89%A9%E5%AE%B9%E5%BC%B9%E5%8C%A3-removebg-preview.png
AK12聚合物30发弹匣,弹夹,https://hpromax.top/static/assets/ui-cutouts/%E9%85%8D%E4%BB%B6%E5%9B%BE%E7%89%87/%E5%BC%B9%E5%A4%B9/AK12%E8%81%9A%E5%90%88%E7%89%A930%E5%8F%91%E5%BC%B9%E5%8C%A3-removebg-preview.png
AK545口径30发弹匣,弹夹,https://hpromax.top/static/assets/ui-cutouts/%E9%85%8D%E4%BB%B6%E5%9B%BE%E7%89%87/%E5%BC%B9%E5%A4%B9/AK545%E5%8F%A3%E5%BE%8430%E5%8F%91%E5%BC%B9%E5%8C%A3-removebg-preview.png
AK762弹匣30发_木色_,弹夹,https://hpromax.top/static/assets/ui-cutouts/%E9%85%8D%E4%BB%B6%E5%9B%BE%E7%89%87/%E5%BC%B9%E5%A4%B9/AK762%E5%BC%B9%E5%8C%A330%E5%8F%91_%E6%9C%A8%E8%89%B2_-removebg-preview.png
AKM30发聚合物弹匣,弹夹,https://hpromax.top/static/assets/ui-cutouts/%E9%85%8D%E4%BB%B6%E5%9B%BE%E7%89%87/%E5%BC%B9%E5%A4%B9/AKM30%E5%8F%91%E8%81%9A%E5%90%88%E7%89%A9%E5%BC%B9%E5%8C%A3-removebg-preview.png
AKM大弹鼓70发,弹夹,https://hpromax.top/static/assets/ui-cutouts/%E9%85%8D%E4%BB%B6%E5%9B%BE%E7%89%87/%E5%BC%B9%E5%A4%B9/AKM%E5%A4%A7%E5%BC%B9%E9%BC%9370%E5%8F%91-removebg-preview.png
AKM延长匣40发,弹夹,https://hpromax.top/static/assets/ui-cutouts/%E9%85%8D%E4%BB%B6%E5%9B%BE%E7%89%87/%E5%BC%B9%E5%A4%B9/AKM%E5%BB%B6%E9%95%BF%E5%8C%A340%E5%8F%91-removebg-preview.png
AKS-74U聚合物弹鼓75发,弹夹,https://hpromax.top/static/assets/ui-cutouts/%E9%85%8D%E4%BB%B6%E5%9B%BE%E7%89%87/%E5%BC%B9%E5%A4%B9/AKS-74U%E8%81%9A%E5%90%88%E7%89%A9%E5%BC%B9%E9%BC%9375%E5%8F%91-removebg-preview.png
AKS-74U延长弹匣45发,弹夹,https://hpromax.top/static/assets/ui-cutouts/%E9%85%8D%E4%BB%B6%E5%9B%BE%E7%89%87/%E5%BC%B9%E5%A4%B9/AKS-74U%E5%BB%B6%E9%95%BF%E5%BC%B9%E5%8C%A345%E5%8F%91-removebg-preview.png
AKS74U30发弹匣,弹夹,https://hpromax.top/static/assets/ui-cutouts/%E9%85%8D%E4%BB%B6%E5%9B%BE%E7%89%87/%E5%BC%B9%E5%A4%B9/AKS74U30%E5%8F%91%E5%BC%B9%E5%8C%A3-removebg-preview.png
AR60发扩容弹匣,弹夹,https://hpromax.top/static/assets/ui-cutouts/%E9%85%8D%E4%BB%B6%E5%9B%BE%E7%89%87/%E5%BC%B9%E5%A4%B9/AR60%E5%8F%91%E6%89%A9%E5%AE%B9%E5%BC%B9%E5%8C%A3-removebg-preview.png
AR聚合物30发弹匣,弹夹,https://hpromax.top/static/assets/ui-cutouts/%E9%85%8D%E4%BB%B6%E5%9B%BE%E7%89%87/%E5%BC%B9%E5%A4%B9/AR%E8%81%9A%E5%90%88%E7%89%A930%E5%8F%91%E5%BC%B9%E5%8C%A3-removebg-preview.png
ASh-12扩容30发弹匣,弹夹,https://hpromax.top/static/assets/ui-cutouts/%E9%85%8D%E4%BB%B6%E5%9B%BE%E7%89%87/%E5%BC%B9%E5%A4%B9/ASh-12%E6%89%A9%E5%AE%B930%E5%8F%91%E5%BC%B9%E5%8C%A3-removebg-preview.png
AUG45发扩容弹匣,弹夹,https://hpromax.top/static/assets/ui-cutouts/%E9%85%8D%E4%BB%B6%E5%9B%BE%E7%89%87/%E5%BC%B9%E5%A4%B9/AUG45%E5%8F%91%E6%89%A9%E5%AE%B9%E5%BC%B9%E5%8C%A3-removebg-preview.png
AUG60发弹鼓,弹夹,https://hpromax.top/static/assets/ui-cutouts/%E9%85%8D%E4%BB%B6%E5%9B%BE%E7%89%87/%E5%BC%B9%E5%A4%B9/AUG60%E5%8F%91%E5%BC%B9%E9%BC%93-removebg-preview.png
FS-12短弹匣,弹夹,https://hpromax.top/static/assets/ui-cutouts/%E9%85%8D%E4%BB%B6%E5%9B%BE%E7%89%87/%E5%BC%B9%E5%A4%B9/FS-12%E7%9F%AD%E5%BC%B9%E5%8C%A3-removebg-preview.png
FS-12加长弹匣,弹夹,https://hpromax.top/static/assets/ui-cutouts/%E9%85%8D%E4%BB%B6%E5%9B%BE%E7%89%87/%E5%BC%B9%E5%A4%B9/FS-12%E5%8A%A0%E9%95%BF%E5%BC%B9%E5%8C%A3-removebg-preview.png
FS-12扩容弹鼓,弹夹,https://hpromax.top/static/assets/ui-cutouts/%E9%85%8D%E4%BB%B6%E5%9B%BE%E7%89%87/%E5%BC%B9%E5%A4%B9/FS-12%E6%89%A9%E5%AE%B9%E5%BC%B9%E9%BC%93-removebg-preview.png
G330发弹匣,弹夹,https://hpromax.top/static/assets/ui-cutouts/%E9%85%8D%E4%BB%B6%E5%9B%BE%E7%89%87/%E5%BC%B9%E5%A4%B9/G330%E5%8F%91%E5%BC%B9%E5%8C%A3-removebg-preview.png
G350发弹鼓,弹夹,https://hpromax.top/static/assets/ui-cutouts/%E9%85%8D%E4%BB%B6%E5%9B%BE%E7%89%87/%E5%BC%B9%E5%A4%B9/G350%E5%8F%91%E5%BC%B9%E9%BC%93-removebg-preview.png
G系手枪25发弹匣,弹夹,https://hpromax.top/static/assets/ui-cutouts/%E9%85%8D%E4%BB%B6%E5%9B%BE%E7%89%87/%E5%BC%B9%E5%A4%B9/G%E7%B3%BB%E6%89%8B%E6%9E%AA25%E5%8F%91%E5%BC%B9%E5%8C%A3-removebg-preview.png
G系手枪33发弹匣,弹夹,https://hpromax.top/static/assets/ui-cutouts/%E9%85%8D%E4%BB%B6%E5%9B%BE%E7%89%87/%E5%BC%B9%E5%A4%B9/G%E7%B3%BB%E6%89%8B%E6%9E%AA33%E5%8F%91%E5%BC%B9%E5%8C%A3-removebg-preview.png
HVK速射箭匣,弹夹,https://hpromax.top/static/assets/ui-cutouts/%E9%85%8D%E4%BB%B6%E5%9B%BE%E7%89%87/%E5%BC%B9%E5%A4%B9/HVK%E9%80%9F%E5%B0%84%E7%AE%AD%E5%8C%A3-removebg-preview.png
K43760发弹鼓,弹夹,https://hpromax.top/static/assets/ui-cutouts/%E9%85%8D%E4%BB%B6%E5%9B%BE%E7%89%87/%E5%BC%B9%E5%A4%B9/K43760%E5%8F%91%E5%BC%B9%E9%BC%93-removebg-preview.png
M1420发弹匣,弹夹,https://hpromax.top/static/assets/ui-cutouts/%E9%85%8D%E4%BB%B6%E5%9B%BE%E7%89%87/%E5%BC%B9%E5%A4%B9/M1420%E5%8F%91%E5%BC%B9%E5%8C%A3-removebg-preview.png
M1430发弹匣,弹夹,https://hpromax.top/static/assets/ui-cutouts/%E9%85%8D%E4%BB%B6%E5%9B%BE%E7%89%87/%E5%BC%B9%E5%A4%B9/M1430%E5%8F%91%E5%BC%B9%E5%8C%A3-removebg-preview.png
M1450发弹鼓,弹夹,https://hpromax.top/static/assets/ui-cutouts/%E9%85%8D%E4%BB%B6%E5%9B%BE%E7%89%87/%E5%BC%B9%E5%A4%B9/M1450%E5%8F%91%E5%BC%B9%E9%BC%93-removebg-preview.png
M191111发扩容弹匣,弹夹,https://hpromax.top/static/assets/ui-cutouts/%E9%85%8D%E4%BB%B6%E5%9B%BE%E7%89%87/%E5%BC%B9%E5%A4%B9/M191111%E5%8F%91%E6%89%A9%E5%AE%B9%E5%BC%B9%E5%8C%A3-removebg-preview.png
M25075发弹链,弹夹,https://hpromax.top/static/assets/ui-cutouts/%E9%85%8D%E4%BB%B6%E5%9B%BE%E7%89%87/%E5%BC%B9%E5%A4%B9/M25075%E5%8F%91%E5%BC%B9%E9%93%BE-removebg-preview.png
M4弹鼓60发,弹夹,https://hpromax.top/static/assets/ui-cutouts/%E9%85%8D%E4%BB%B6%E5%9B%BE%E7%89%87/%E5%BC%B9%E5%A4%B9/M4%E5%BC%B9%E9%BC%9360%E5%8F%91-removebg-preview.png
M4扩容45发弹匣,弹夹,https://hpromax.top/static/assets/ui-cutouts/%E9%85%8D%E4%BB%B6%E5%9B%BE%E7%89%87/%E5%BC%B9%E5%A4%B9/M4%E6%89%A9%E5%AE%B945%E5%8F%91%E5%BC%B9%E5%8C%A3-removebg-preview.png
M70010发弹匣,弹夹,https://hpromax.top/static/assets/ui-cutouts/%E9%85%8D%E4%BB%B6%E5%9B%BE%E7%89%87/%E5%BC%B9%E5%A4%B9/M70010%E5%8F%91%E5%BC%B9%E5%8C%A3-removebg-preview.png
M730发6.8弹匣,弹夹,https://hpromax.top/static/assets/ui-cutouts/%E9%85%8D%E4%BB%B6%E5%9B%BE%E7%89%87/%E5%BC%B9%E5%A4%B9/M730%E5%8F%916.8%E5%BC%B9%E5%8C%A3-removebg-preview.png
M745发6.8弹鼓,弹夹,https://hpromax.top/static/assets/ui-cutouts/%E9%85%8D%E4%BB%B6%E5%9B%BE%E7%89%87/%E5%BC%B9%E5%A4%B9/M745%E5%8F%916.8%E5%BC%B9%E9%BC%93-removebg-preview.png
M82扩容弹鼓,弹夹,https://hpromax.top/static/assets/ui-cutouts/%E9%85%8D%E4%BB%B6%E5%9B%BE%E7%89%87/%E5%BC%B9%E5%A4%B9/M82%E6%89%A9%E5%AE%B9%E5%BC%B9%E9%BC%93-removebg-preview.png
Mini-1420发弹匣,弹夹,https://hpromax.top/static/assets/ui-cutouts/%E9%85%8D%E4%BB%B6%E5%9B%BE%E7%89%87/%E5%BC%B9%E5%A4%B9/Mini-1420%E5%8F%91%E5%BC%B9%E5%8C%A3-removebg-preview.png
Mini-1430发弹匣,弹夹,https://hpromax.top/static/assets/ui-cutouts/%E9%85%8D%E4%BB%B6%E5%9B%BE%E7%89%87/%E5%BC%B9%E5%A4%B9/Mini-1430%E5%8F%91%E5%BC%B9%E5%8C%A3-removebg-preview.png
MK448发弹匣,弹夹,https://hpromax.top/static/assets/ui-cutouts/%E9%85%8D%E4%BB%B6%E5%9B%BE%E7%89%87/%E5%BC%B9%E5%A4%B9/MK448%E5%8F%91%E5%BC%B9%E5%8C%A3-removebg-preview.png
MK4730发弹匣,弹夹,https://hpromax.top/static/assets/ui-cutouts/%E9%85%8D%E4%BB%B6%E5%9B%BE%E7%89%87/%E5%BC%B9%E5%A4%B9/MK4730%E5%8F%91%E5%BC%B9%E5%8C%A3-removebg-preview.png
MP550发弹鼓,弹夹,https://hpromax.top/static/assets/ui-cutouts/%E9%85%8D%E4%BB%B6%E5%9B%BE%E7%89%87/%E5%BC%B9%E5%A4%B9/MP550%E5%8F%91%E5%BC%B9%E9%BC%93-removebg-preview.png
MP730发弹匣,弹夹,https://hpromax.top/static/assets/ui-cutouts/%E9%85%8D%E4%BB%B6%E5%9B%BE%E7%89%87/%E5%BC%B9%E5%A4%B9/MP730%E5%8F%91%E5%BC%B9%E5%8C%A3-removebg-preview.png
MP740发弹匣,弹夹,https://hpromax.top/static/assets/ui-cutouts/%E9%85%8D%E4%BB%B6%E5%9B%BE%E7%89%87/%E5%BC%B9%E5%A4%B9/MP740%E5%8F%91%E5%BC%B9%E5%8C%A3-removebg-preview.png
MP760发弹鼓,弹夹,https://hpromax.top/static/assets/ui-cutouts/%E9%85%8D%E4%BB%B6%E5%9B%BE%E7%89%87/%E5%BC%B9%E5%A4%B9/MP760%E5%8F%91%E5%BC%B9%E9%BC%93-removebg-preview.png
PKM扩容弹箱,弹夹,https://hpromax.top/static/assets/ui-cutouts/%E9%85%8D%E4%BB%B6%E5%9B%BE%E7%89%87/%E5%BC%B9%E5%A4%B9/PKM%E6%89%A9%E5%AE%B9%E5%BC%B9%E7%AE%B1-removebg-preview.png
PSG20发扩容弹匣,弹夹,https://hpromax.top/static/assets/ui-cutouts/%E9%85%8D%E4%BB%B6%E5%9B%BE%E7%89%87/%E5%BC%B9%E5%A4%B9/PSG20%E5%8F%91%E6%89%A9%E5%AE%B9%E5%BC%B9%E5%8C%A3-removebg-preview.png
R9315发弹匣,弹夹,https://hpromax.top/static/assets/ui-cutouts/%E9%85%8D%E4%BB%B6%E5%9B%BE%E7%89%87/%E5%BC%B9%E5%A4%B9/R9315%E5%8F%91%E5%BC%B9%E5%8C%A3-removebg-preview.png
S12K扩容10发弹匣,弹夹,https://hpromax.top/static/assets/ui-cutouts/%E9%85%8D%E4%BB%B6%E5%9B%BE%E7%89%87/%E5%BC%B9%E5%A4%B9/S12K%E6%89%A9%E5%AE%B910%E5%8F%91%E5%BC%B9%E5%8C%A3-removebg-preview.png
S12K扩容24发弹鼓,弹夹,https://hpromax.top/static/assets/ui-cutouts/%E9%85%8D%E4%BB%B6%E5%9B%BE%E7%89%87/%E5%BC%B9%E5%A4%B9/S12K%E6%89%A9%E5%AE%B924%E5%8F%91%E5%BC%B9%E9%BC%93-removebg-preview.png
SCARH30发弹匣,弹夹,https://hpromax.top/static/assets/ui-cutouts/%E9%85%8D%E4%BB%B6%E5%9B%BE%E7%89%87/%E5%BC%B9%E5%A4%B9/SCARH30%E5%8F%91%E5%BC%B9%E5%8C%A3-removebg-preview.png
SCARH50发弹鼓,弹夹,https://hpromax.top/static/assets/ui-cutouts/%E9%85%8D%E4%BB%B6%E5%9B%BE%E7%89%87/%E5%BC%B9%E5%A4%B9/SCARH50%E5%8F%91%E5%BC%B9%E9%BC%93-removebg-preview.png
SG55230发弹匣,弹夹,https://hpromax.top/static/assets/ui-cutouts/%E9%85%8D%E4%BB%B6%E5%9B%BE%E7%89%87/%E5%BC%B9%E5%A4%B9/SG55230%E5%8F%91%E5%BC%B9%E5%8C%A3-removebg-preview.png
SG55245发扩容弹匣,弹夹,https://hpromax.top/static/assets/ui-cutouts/%E9%85%8D%E4%BB%B6%E5%9B%BE%E7%89%87/%E5%BC%B9%E5%A4%B9/SG55245%E5%8F%91%E6%89%A9%E5%AE%B9%E5%BC%B9%E5%8C%A3-removebg-preview.png
SMG4540发扩容弹匣,弹夹,https://hpromax.top/static/assets/ui-cutouts/%E9%85%8D%E4%BB%B6%E5%9B%BE%E7%89%87/%E5%BC%B9%E5%A4%B9/SMG4540%E5%8F%91%E6%89%A9%E5%AE%B9%E5%BC%B9%E5%8C%A3-removebg-preview.png
SR2520发弹匣,弹夹,https://hpromax.top/static/assets/ui-cutouts/%E9%85%8D%E4%BB%B6%E5%9B%BE%E7%89%87/%E5%BC%B9%E5%A4%B9/SR2520%E5%8F%91%E5%BC%B9%E5%8C%A3-removebg-preview.png
SR2530发扩容弹匣,弹夹,https://hpromax.top/static/assets/ui-cutouts/%E9%85%8D%E4%BB%B6%E5%9B%BE%E7%89%87/%E5%BC%B9%E5%A4%B9/SR2530%E5%8F%91%E6%89%A9%E5%AE%B9%E5%BC%B9%E5%8C%A3-removebg-preview.png
SVCH扩容弹匣,弹夹,https://hpromax.top/static/assets/ui-cutouts/%E9%85%8D%E4%BB%B6%E5%9B%BE%E7%89%87/%E5%BC%B9%E5%A4%B9/SVCH%E6%89%A9%E5%AE%B9%E5%BC%B9%E5%8C%A3-removebg-preview.png
SVCH凌风并联弹匣,弹夹,https://hpromax.top/static/assets/ui-cutouts/%E9%85%8D%E4%BB%B6%E5%9B%BE%E7%89%87/%E5%BC%B9%E5%A4%B9/SVCH%E5%87%8C%E9%A3%8E%E5%B9%B6%E8%81%94%E5%BC%B9%E5%8C%A3-removebg-preview.png
SVD20发弹匣,弹夹,https://hpromax.top/static/assets/ui-cutouts/%E9%85%8D%E4%BB%B6%E5%9B%BE%E7%89%87/%E5%BC%B9%E5%A4%B9/SVD20%E5%8F%91%E5%BC%B9%E5%8C%A3-removebg-preview.png
UZI35发弹匣,弹夹,https://hpromax.top/static/assets/ui-cutouts/%E9%85%8D%E4%BB%B6%E5%9B%BE%E7%89%87/%E5%BC%B9%E5%A4%B9/UZI35%E5%8F%91%E5%BC%B9%E5%8C%A3-removebg-preview.png
UZI45发弹匣,弹夹,https://hpromax.top/static/assets/ui-cutouts/%E9%85%8D%E4%BB%B6%E5%9B%BE%E7%89%87/%E5%BC%B9%E5%A4%B9/UZI45%E5%8F%91%E5%BC%B9%E5%8C%A3-removebg-preview.png
Vector扩容30发弹匣,弹夹,https://hpromax.top/static/assets/ui-cutouts/%E9%85%8D%E4%BB%B6%E5%9B%BE%E7%89%87/%E5%BC%B9%E5%A4%B9/Vector%E6%89%A9%E5%AE%B930%E5%8F%91%E5%BC%B9%E5%8C%A3-removebg-preview.png
Vector扩容40发弹匣,弹夹,https://hpromax.top/static/assets/ui-cutouts/%E9%85%8D%E4%BB%B6%E5%9B%BE%E7%89%87/%E5%BC%B9%E5%A4%B9/Vector%E6%89%A9%E5%AE%B940%E5%8F%91%E5%BC%B9%E5%8C%A3-removebg-preview.png
Vector扩容CMAG70发,弹夹,https://hpromax.top/static/assets/ui-cutouts/%E9%85%8D%E4%BB%B6%E5%9B%BE%E7%89%87/%E5%BC%B9%E5%A4%B9/Vector%E6%89%A9%E5%AE%B9CMAG70%E5%8F%91-removebg-preview.png
VSS30发弹匣,弹夹,https://hpromax.top/static/assets/ui-cutouts/%E9%85%8D%E4%BB%B6%E5%9B%BE%E7%89%87/%E5%BC%B9%E5%A4%B9/VSS30%E5%8F%91%E5%BC%B9%E5%8C%A3-removebg-preview.png
VSS45发弹匣,弹夹,https://hpromax.top/static/assets/ui-cutouts/%E9%85%8D%E4%BB%B6%E5%9B%BE%E7%89%87/%E5%BC%B9%E5%A4%B9/VSS45%E5%8F%91%E5%BC%B9%E5%8C%A3-removebg-preview.png
蜂网遮光罩,功能性,https://hpromax.top/static/assets/ui-cutouts/%E9%85%8D%E4%BB%B6%E5%9B%BE%E7%89%87/%E5%8A%9F%E8%83%BD%E6%80%A7/%E8%9C%82%E7%BD%91%E9%81%AE%E5%85%89%E7%BD%A9-removebg-preview.png
复合弓竞赛箭台,功能性,https://hpromax.top/static/assets/ui-cutouts/%E9%85%8D%E4%BB%B6%E5%9B%BE%E7%89%87/%E5%8A%9F%E8%83%BD%E6%80%A7/%E5%A4%8D%E5%90%88%E5%BC%93%E7%AB%9E%E8%B5%9B%E7%AE%AD%E5%8F%B0-removebg-preview.png
复合弓竞赛平衡杆,功能性,https://hpromax.top/static/assets/ui-cutouts/%E9%85%8D%E4%BB%B6%E5%9B%BE%E7%89%87/%E5%8A%9F%E8%83%BD%E6%80%A7/%E5%A4%8D%E5%90%88%E5%BC%93%E7%AB%9E%E8%B5%9B%E5%B9%B3%E8%A1%A1%E6%9D%86-removebg-preview.png
复合弓均衡握把片,功能性,https://hpromax.top/static/assets/ui-cutouts/%E9%85%8D%E4%BB%B6%E5%9B%BE%E7%89%87/%E5%8A%9F%E8%83%BD%E6%80%A7/%E5%A4%8D%E5%90%88%E5%BC%93%E5%9D%87%E8%A1%A1%E6%8F%A1%E6%8A%8A%E7%89%87-removebg-preview.png
复合弓轻型弓臂,功能性,https://hpromax.top/static/assets/ui-cutouts/%E9%85%8D%E4%BB%B6%E5%9B%BE%E7%89%87/%E5%8A%9F%E8%83%BD%E6%80%A7/%E5%A4%8D%E5%90%88%E5%BC%93%E8%BD%BB%E5%9E%8B%E5%BC%93%E8%87%82-removebg-preview.png
复合弓稳定平衡杆,功能性,https://hpromax.top/static/assets/ui-cutouts/%E9%85%8D%E4%BB%B6%E5%9B%BE%E7%89%87/%E5%8A%9F%E8%83%BD%E6%80%A7/%E5%A4%8D%E5%90%88%E5%BC%93%E7%A8%B3%E5%AE%9A%E5%B9%B3%E8%A1%A1%E6%9D%86-removebg-preview.png
复合弓增强弓弦,功能性,https://hpromax.top/static/assets/ui-cutouts/%E9%85%8D%E4%BB%B6%E5%9B%BE%E7%89%87/%E5%8A%9F%E8%83%BD%E6%80%A7/%E5%A4%8D%E5%90%88%E5%BC%93%E5%A2%9E%E5%BC%BA%E5%BC%93%E5%BC%A6-removebg-preview.png
复合弓增强握把片,功能性,https://hpromax.top/static/assets/ui-cutouts/%E9%85%8D%E4%BB%B6%E5%9B%BE%E7%89%87/%E5%8A%9F%E8%83%BD%E6%80%A7/%E5%A4%8D%E5%90%88%E5%BC%93%E5%A2%9E%E5%BC%BA%E6%8F%A1%E6%8A%8A%E7%89%87-removebg-preview.png
复合弓重型弓臂,功能性,https://hpromax.top/static/assets/ui-cutouts/%E9%85%8D%E4%BB%B6%E5%9B%BE%E7%89%87/%E5%8A%9F%E8%83%BD%E6%80%A7/%E5%A4%8D%E5%90%88%E5%BC%93%E9%87%8D%E5%9E%8B%E5%BC%93%E8%87%82-removebg-preview.png
杠杆式步枪蜂鸟杠杆,功能性,https://hpromax.top/static/assets/ui-cutouts/%E9%85%8D%E4%BB%B6%E5%9B%BE%E7%89%87/%E5%8A%9F%E8%83%BD%E6%80%A7/%E6%9D%A0%E6%9D%86%E5%BC%8F%E6%AD%A5%E6%9E%AA%E8%9C%82%E9%B8%9F%E6%9D%A0%E6%9D%86-removebg-preview.png
杠杆式步枪犀牛杠杆,功能性,https://hpromax.top/static/assets/ui-cutouts/%E9%85%8D%E4%BB%B6%E5%9B%BE%E7%89%87/%E5%8A%9F%E8%83%BD%E6%80%A7/%E6%9D%A0%E6%9D%86%E5%BC%8F%E6%AD%A5%E6%9E%AA%E7%8A%80%E7%89%9B%E6%9D%A0%E6%9D%86-removebg-preview.png
杠杆式步枪子弹袋,功能性,https://hpromax.top/static/assets/ui-cutouts/%E9%85%8D%E4%BB%B6%E5%9B%BE%E7%89%87/%E5%8A%9F%E8%83%BD%E6%80%A7/%E6%9D%A0%E6%9D%86%E5%BC%8F%E6%AD%A5%E6%9E%AA%E5%AD%90%E5%BC%B9%E8%A2%8B-removebg-preview.png
灰熊全威力口径快拔套_黑_,功能性,https://hpromax.top/static/assets/ui-cutouts/%E9%85%8D%E4%BB%B6%E5%9B%BE%E7%89%87/%E5%8A%9F%E8%83%BD%E6%80%A7/%E7%81%B0%E7%86%8A%E5%85%A8%E5%A8%81%E5%8A%9B%E5%8F%A3%E5%BE%84%E5%BF%AB%E6%8B%94%E5%A5%97_%E9%BB%91_-removebg-preview.png
灰熊全威力快拔套_绿_,功能性,https://hpromax.top/static/assets/ui-cutouts/%E9%85%8D%E4%BB%B6%E5%9B%BE%E7%89%87/%E5%8A%9F%E8%83%BD%E6%80%A7/%E7%81%B0%E7%86%8A%E5%85%A8%E5%A8%81%E5%8A%9B%E5%BF%AB%E6%8B%94%E5%A5%97_%E7%BB%BF_-removebg-preview.png
灰熊全威力快拔套_沙_,功能性,https://hpromax.top/static/assets/ui-cutouts/%E9%85%8D%E4%BB%B6%E5%9B%BE%E7%89%87/%E5%8A%9F%E8%83%BD%E6%80%A7/%E7%81%B0%E7%86%8A%E5%85%A8%E5%A8%81%E5%8A%9B%E5%BF%AB%E6%8B%94%E5%A5%97_%E6%B2%99_-removebg-preview.png
郊狼中间威力口径快拔套_黑_,功能性,https://hpromax.top/static/assets/ui-cutouts/%E9%85%8D%E4%BB%B6%E5%9B%BE%E7%89%87/%E5%8A%9F%E8%83%BD%E6%80%A7/%E9%83%8A%E7%8B%BC%E4%B8%AD%E9%97%B4%E5%A8%81%E5%8A%9B%E5%8F%A3%E5%BE%84%E5%BF%AB%E6%8B%94%E5%A5%97_%E9%BB%91_-removebg-preview.png
郊狼中间威力快拔套_绿_,功能性,https://hpromax.top/static/assets/ui-cutouts/%E9%85%8D%E4%BB%B6%E5%9B%BE%E7%89%87/%E5%8A%9F%E8%83%BD%E6%80%A7/%E9%83%8A%E7%8B%BC%E4%B8%AD%E9%97%B4%E5%A8%81%E5%8A%9B%E5%BF%AB%E6%8B%94%E5%A5%97_%E7%BB%BF_-removebg-preview.png
郊狼中间威力快拔套_沙_,功能性,https://hpromax.top/static/assets/ui-cutouts/%E9%85%8D%E4%BB%B6%E5%9B%BE%E7%89%87/%E5%8A%9F%E8%83%BD%E6%80%A7/%E9%83%8A%E7%8B%BC%E4%B8%AD%E9%97%B4%E5%A8%81%E5%8A%9B%E5%BF%AB%E6%8B%94%E5%A5%97_%E6%B2%99_-removebg-preview.png
巨像稳定器,功能性,https://hpromax.top/static/assets/ui-cutouts/%E9%85%8D%E4%BB%B6%E5%9B%BE%E7%89%87/%E5%8A%9F%E8%83%BD%E6%80%A7/%E5%B7%A8%E5%83%8F%E7%A8%B3%E5%AE%9A%E5%99%A8-removebg-preview.png
狂蜂护木片,功能性,https://hpromax.top/static/assets/ui-cutouts/%E9%85%8D%E4%BB%B6%E5%9B%BE%E7%89%87/%E5%8A%9F%E8%83%BD%E6%80%A7/%E7%8B%82%E8%9C%82%E6%8A%A4%E6%9C%A8%E7%89%87-removebg-preview.png
蜜獾小口径快拔套_黑_,功能性,https://hpromax.top/static/assets/ui-cutouts/%E9%85%8D%E4%BB%B6%E5%9B%BE%E7%89%87/%E5%8A%9F%E8%83%BD%E6%80%A7/%E8%9C%9C%E7%8D%BE%E5%B0%8F%E5%8F%A3%E5%BE%84%E5%BF%AB%E6%8B%94%E5%A5%97_%E9%BB%91_-removebg-preview.png
蜜獾小口径快拔套_绿_,功能性,https://hpromax.top/static/assets/ui-cutouts/%E9%85%8D%E4%BB%B6%E5%9B%BE%E7%89%87/%E5%8A%9F%E8%83%BD%E6%80%A7/%E8%9C%9C%E7%8D%BE%E5%B0%8F%E5%8F%A3%E5%BE%84%E5%BF%AB%E6%8B%94%E5%A5%97_%E7%BB%BF_-removebg-preview.png
蜜獾小口径快拔套_沙_,功能性,https://hpromax.top/static/assets/ui-cutouts/%E9%85%8D%E4%BB%B6%E5%9B%BE%E7%89%87/%E5%8A%9F%E8%83%BD%E6%80%A7/%E8%9C%9C%E7%8D%BE%E5%B0%8F%E5%8F%A3%E5%BE%84%E5%BF%AB%E6%8B%94%E5%A5%97_%E6%B2%99_-removebg-preview.png
实用两脚架,功能性,https://hpromax.top/static/assets/ui-cutouts/%E9%85%8D%E4%BB%B6%E5%9B%BE%E7%89%87/%E5%8A%9F%E8%83%BD%E6%80%A7/%E5%AE%9E%E7%94%A8%E4%B8%A4%E8%84%9A%E6%9E%B6-removebg-preview.png
实用枪灯,功能性,https://hpromax.top/static/assets/ui-cutouts/%E9%85%8D%E4%BB%B6%E5%9B%BE%E7%89%87/%E5%8A%9F%E8%83%BD%E6%80%A7/%E5%AE%9E%E7%94%A8%E6%9E%AA%E7%81%AF-removebg-preview.png
下挂手枪灯,功能性,https://hpromax.top/static/assets/ui-cutouts/%E9%85%8D%E4%BB%B6%E5%9B%BE%E7%89%87/%E5%8A%9F%E8%83%BD%E6%80%A7/%E4%B8%8B%E6%8C%82%E6%89%8B%E6%9E%AA%E7%81%AF-removebg-preview.png
新式腾龙高速导气箍,功能性,https://hpromax.top/static/assets/ui-cutouts/%E9%85%8D%E4%BB%B6%E5%9B%BE%E7%89%87/%E5%8A%9F%E8%83%BD%E6%80%A7/%E6%96%B0%E5%BC%8F%E8%85%BE%E9%BE%99%E9%AB%98%E9%80%9F%E5%AF%BC%E6%B0%94%E7%AE%8D-removebg-preview.png
新式腾龙稳固导气箍,功能性,https://hpromax.top/static/assets/ui-cutouts/%E9%85%8D%E4%BB%B6%E5%9B%BE%E7%89%87/%E5%8A%9F%E8%83%BD%E6%80%A7/%E6%96%B0%E5%BC%8F%E8%85%BE%E9%BE%99%E7%A8%B3%E5%9B%BA%E5%AF%BC%E6%B0%94%E7%AE%8D-removebg-preview.png
耀斑战术手电,功能性,https://hpromax.top/static/assets/ui-cutouts/%E9%85%8D%E4%BB%B6%E5%9B%BE%E7%89%87/%E5%8A%9F%E8%83%BD%E6%80%A7/%E8%80%80%E6%96%91%E6%88%98%E6%9C%AF%E6%89%8B%E7%94%B5-removebg-preview.png
野蜂冲锋枪快拔套_黑_,功能性,https://hpromax.top/static/assets/ui-cutouts/%E9%85%8D%E4%BB%B6%E5%9B%BE%E7%89%87/%E5%8A%9F%E8%83%BD%E6%80%A7/%E9%87%8E%E8%9C%82%E5%86%B2%E9%94%8B%E6%9E%AA%E5%BF%AB%E6%8B%94%E5%A5%97_%E9%BB%91_-removebg-preview.png
野蜂冲锋枪快拔套_绿_,功能性,https://hpromax.top/static/assets/ui-cutouts/%E9%85%8D%E4%BB%B6%E5%9B%BE%E7%89%87/%E5%8A%9F%E8%83%BD%E6%80%A7/%E9%87%8E%E8%9C%82%E5%86%B2%E9%94%8B%E6%9E%AA%E5%BF%AB%E6%8B%94%E5%A5%97_%E7%BB%BF_-removebg-preview.png
野蜂冲锋枪快拔套_沙_,功能性,https://hpromax.top/static/assets/ui-cutouts/%E9%85%8D%E4%BB%B6%E5%9B%BE%E7%89%87/%E5%8A%9F%E8%83%BD%E6%80%A7/%E9%87%8E%E8%9C%82%E5%86%B2%E9%94%8B%E6%9E%AA%E5%BF%AB%E6%8B%94%E5%A5%97_%E6%B2%99_-removebg-preview.png
游侠护木片,功能性,https://hpromax.top/static/assets/ui-cutouts/%E9%85%8D%E4%BB%B6%E5%9B%BE%E7%89%87/%E5%8A%9F%E8%83%BD%E6%80%A7/%E6%B8%B8%E4%BE%A0%E6%8A%A4%E6%9C%A8%E7%89%87-removebg-preview.png
泽宁特拉机柄帽,功能性,https://hpromax.top/static/assets/ui-cutouts/%E9%85%8D%E4%BB%B6%E5%9B%BE%E7%89%87/%E5%8A%9F%E8%83%BD%E6%80%A7/%E6%B3%BD%E5%AE%81%E7%89%B9%E6%8B%89%E6%9C%BA%E6%9F%84%E5%B8%BD-removebg-preview.png
组合式护木片,功能性,https://hpromax.top/static/assets/ui-cutouts/%E9%85%8D%E4%BB%B6%E5%9B%BE%E7%89%87/%E5%8A%9F%E8%83%BD%E6%80%A7/%E7%BB%84%E5%90%88%E5%BC%8F%E6%8A%A4%E6%9C%A8%E7%89%87-removebg-preview.png
AK12脚架,功能性,https://hpromax.top/static/assets/ui-cutouts/%E9%85%8D%E4%BB%B6%E5%9B%BE%E7%89%87/%E5%8A%9F%E8%83%BD%E6%80%A7/AK12%E8%84%9A%E6%9E%B6-removebg-preview.png
AK12腳架,功能性,https://hpromax.top/static/assets/ui-cutouts/%E9%85%8D%E4%BB%B6%E5%9B%BE%E7%89%87/%E5%8A%9F%E8%83%BD%E6%80%A7/AK12%E8%85%B3%E6%9E%B6-removebg-preview.png
AR轻薄握把片,功能性,https://hpromax.top/static/assets/ui-cutouts/%E9%85%8D%E4%BB%B6%E5%9B%BE%E7%89%87/%E5%8A%9F%E8%83%BD%E6%80%A7/AR%E8%BD%BB%E8%96%84%E6%8F%A1%E6%8A%8A%E7%89%87-removebg-preview.png
AR重型握把片,功能性,https://hpromax.top/static/assets/ui-cutouts/%E9%85%8D%E4%BB%B6%E5%9B%BE%E7%89%87/%E5%8A%9F%E8%83%BD%E6%80%A7/AR%E9%87%8D%E5%9E%8B%E6%8F%A1%E6%8A%8A%E7%89%87-removebg-preview.png
AUG脚架,功能性,https://hpromax.top/static/assets/ui-cutouts/%E9%85%8D%E4%BB%B6%E5%9B%BE%E7%89%87/%E5%8A%9F%E8%83%BD%E6%80%A7/AUG%E8%84%9A%E6%9E%B6-removebg-preview.png
AWM两脚架,功能性,https://hpromax.top/static/assets/ui-cutouts/%E9%85%8D%E4%BB%B6%E5%9B%BE%E7%89%87/%E5%8A%9F%E8%83%BD%E6%80%A7/AWM%E4%B8%A4%E8%84%9A%E6%9E%B6-removebg-preview.png
CAR15绑手电,功能性,https://hpromax.top/static/assets/ui-cutouts/%E9%85%8D%E4%BB%B6%E5%9B%BE%E7%89%87/%E5%8A%9F%E8%83%BD%E6%80%A7/CAR15%E7%BB%91%E6%89%8B%E7%94%B5-removebg-preview.png
DBAL-X2紫色激光镭指,功能性,https://hpromax.top/static/assets/ui-cutouts/%E9%85%8D%E4%BB%B6%E5%9B%BE%E7%89%87/%E5%8A%9F%E8%83%BD%E6%80%A7/DBAL-X2%E7%B4%AB%E8%89%B2%E6%BF%80%E5%85%89%E9%95%AD%E6%8C%87-removebg-preview.png
DD蟒蛇护木片,功能性,https://hpromax.top/static/assets/ui-cutouts/%E9%85%8D%E4%BB%B6%E5%9B%BE%E7%89%87/%E5%8A%9F%E8%83%BD%E6%80%A7/DD%E8%9F%92%E8%9B%87%E6%8A%A4%E6%9C%A8%E7%89%87-removebg-preview.png
JAD下挂激光,功能性,https://hpromax.top/static/assets/ui-cutouts/%E9%85%8D%E4%BB%B6%E5%9B%BE%E7%89%87/%E5%8A%9F%E8%83%BD%E6%80%A7/JAD%E4%B8%8B%E6%8C%82%E6%BF%80%E5%85%89-removebg-preview.png
KC猎犬护木片,功能性,https://hpromax.top/static/assets/ui-cutouts/%E9%85%8D%E4%BB%B6%E5%9B%BE%E7%89%87/%E5%8A%9F%E8%83%BD%E6%80%A7/KC%E7%8C%8E%E7%8A%AC%E6%8A%A4%E6%9C%A8%E7%89%87-removebg-preview.png
LA-3C绿色激光镭指,功能性,https://hpromax.top/static/assets/ui-cutouts/%E9%85%8D%E4%BB%B6%E5%9B%BE%E7%89%87/%E5%8A%9F%E8%83%BD%E6%80%A7/LA-3C%E7%BB%BF%E8%89%B2%E6%BF%80%E5%85%89%E9%95%AD%E6%8C%87-removebg-preview.png
M1911夜鹰战术扳机,功能性,https://hpromax.top/static/assets/ui-cutouts/%E9%85%8D%E4%BB%B6%E5%9B%BE%E7%89%87/%E5%8A%9F%E8%83%BD%E6%80%A7/M1911%E5%A4%9C%E9%B9%B0%E6%88%98%E6%9C%AF%E6%89%B3%E6%9C%BA-removebg-preview.png
M1911夜鹰战术击锤,功能性,https://hpromax.top/static/assets/ui-cutouts/%E9%85%8D%E4%BB%B6%E5%9B%BE%E7%89%87/%E5%8A%9F%E8%83%BD%E6%80%A7/M1911%E5%A4%9C%E9%B9%B0%E6%88%98%E6%9C%AF%E5%87%BB%E9%94%A4-removebg-preview.png
OLIGHTBaldrProR多功能手电,功能性,https://hpromax.top/static/assets/ui-cutouts/%E9%85%8D%E4%BB%B6%E5%9B%BE%E7%89%87/%E5%8A%9F%E8%83%BD%E6%80%A7/OLIGHTBaldrProR%E5%A4%9A%E5%8A%9F%E8%83%BD%E6%89%8B%E7%94%B5-removebg-preview.png
OLIGHTOdinS战术手电,功能性,https://hpromax.top/static/assets/ui-cutouts/%E9%85%8D%E4%BB%B6%E5%9B%BE%E7%89%87/%E5%8A%9F%E8%83%BD%E6%80%A7/OLIGHTOdinS%E6%88%98%E6%9C%AF%E6%89%8B%E7%94%B5-removebg-preview.png
OLIGHTWARRIOR3S战术手电,功能性,https://hpromax.top/static/assets/ui-cutouts/%E9%85%8D%E4%BB%B6%E5%9B%BE%E7%89%87/%E5%8A%9F%E8%83%BD%E6%80%A7/OLIGHTWARRIOR3S%E6%88%98%E6%9C%AF%E6%89%8B%E7%94%B5-removebg-preview.png
PEQ-2红色激光镭指,功能性,https://hpromax.top/static/assets/ui-cutouts/%E9%85%8D%E4%BB%B6%E5%9B%BE%E7%89%87/%E5%8A%9F%E8%83%BD%E6%80%A7/PEQ-2%E7%BA%A2%E8%89%B2%E6%BF%80%E5%85%89%E9%95%AD%E6%8C%87-removebg-preview.png
PERST-7蓝色激光镭指,功能性,https://hpromax.top/static/assets/ui-cutouts/%E9%85%8D%E4%BB%B6%E5%9B%BE%E7%89%87/%E5%8A%9F%E8%83%BD%E6%80%A7/PERST-7%E8%93%9D%E8%89%B2%E6%BF%80%E5%85%89%E9%95%AD%E6%8C%87-removebg-preview.png
PKM两脚架,功能性,https://hpromax.top/static/assets/ui-cutouts/%E9%85%8D%E4%BB%B6%E5%9B%BE%E7%89%87/%E5%8A%9F%E8%83%BD%E6%80%A7/PKM%E4%B8%A4%E8%84%9A%E6%9E%B6-removebg-preview.png
PSG-1精确扳机,功能性,https://hpromax.top/static/assets/ui-cutouts/%E9%85%8D%E4%BB%B6%E5%9B%BE%E7%89%87/%E5%8A%9F%E8%83%BD%E6%80%A7/PSG-1%E7%B2%BE%E7%A1%AE%E6%89%B3%E6%9C%BA-removebg-preview.png
QCQ171新式高射速化枪机,功能性,https://hpromax.top/static/assets/ui-cutouts/%E9%85%8D%E4%BB%B6%E5%9B%BE%E7%89%87/%E5%8A%9F%E8%83%BD%E6%80%A7/QCQ171%E6%96%B0%E5%BC%8F%E9%AB%98%E5%B0%84%E9%80%9F%E5%8C%96%E6%9E%AA%E6%9C%BA-removebg-preview.png
QCQ171新式稳固枪机,功能性,https://hpromax.top/static/assets/ui-cutouts/%E9%85%8D%E4%BB%B6%E5%9B%BE%E7%89%87/%E5%8A%9F%E8%83%BD%E6%80%A7/QCQ171%E6%96%B0%E5%BC%8F%E7%A8%B3%E5%9B%BA%E6%9E%AA%E6%9C%BA-removebg-preview.png
QJB201脚架,功能性,https://hpromax.top/static/assets/ui-cutouts/%E9%85%8D%E4%BB%B6%E5%9B%BE%E7%89%87/%E5%8A%9F%E8%83%BD%E6%80%A7/QJB201%E8%84%9A%E6%9E%B6-removebg-preview.png
QJB201新式高速导气箍,功能性,https://hpromax.top/static/assets/ui-cutouts/%E9%85%8D%E4%BB%B6%E5%9B%BE%E7%89%87/%E5%8A%9F%E8%83%BD%E6%80%A7/QJB201%E6%96%B0%E5%BC%8F%E9%AB%98%E9%80%9F%E5%AF%BC%E6%B0%94%E7%AE%8D-removebg-preview.png
QJB201新式稳固导气箍,功能性,https://hpromax.top/static/assets/ui-cutouts/%E9%85%8D%E4%BB%B6%E5%9B%BE%E7%89%87/%E5%8A%9F%E8%83%BD%E6%80%A7/QJB201%E6%96%B0%E5%BC%8F%E7%A8%B3%E5%9B%BA%E5%AF%BC%E6%B0%94%E7%AE%8D-removebg-preview.png
R93枪管隔热网,功能性,https://hpromax.top/static/assets/ui-cutouts/%E9%85%8D%E4%BB%B6%E5%9B%BE%E7%89%87/%E5%8A%9F%E8%83%BD%E6%80%A7/R93%E6%9E%AA%E7%AE%A1%E9%9A%94%E7%83%AD%E7%BD%91-removebg-preview.png
SUR隔热外罩,功能性,https://hpromax.top/static/assets/ui-cutouts/%E9%85%8D%E4%BB%B6%E5%9B%BE%E7%89%87/%E5%8A%9F%E8%83%BD%E6%80%A7/SUR%E9%9A%94%E7%83%AD%E5%A4%96%E7%BD%A9-removebg-preview.png
SV98两脚架,功能性,https://hpromax.top/static/assets/ui-cutouts/%E9%85%8D%E4%BB%B6%E5%9B%BE%E7%89%87/%E5%8A%9F%E8%83%BD%E6%80%A7/SV98%E4%B8%A4%E8%84%9A%E6%9E%B6-removebg-preview.png
SVCH镀铬爆发枪机,功能性,https://hpromax.top/static/assets/ui-cutouts/%E9%85%8D%E4%BB%B6%E5%9B%BE%E7%89%87/%E5%8A%9F%E8%83%BD%E6%80%A7/SVCH%E9%95%80%E9%93%AC%E7%88%86%E5%8F%91%E6%9E%AA%E6%9C%BA-removebg-preview.png
357左轮逐风者后握把,后握把,https://hpromax.top/static/assets/ui-cutouts/%E9%85%8D%E4%BB%B6%E5%9B%BE%E7%89%87/%E5%90%8E%E6%8F%A1%E6%8A%8A/357%E5%B7%A6%E8%BD%AE%E9%80%90%E9%A3%8E%E8%80%85%E5%90%8E%E6%8F%A1%E6%8A%8A-removebg-preview.png
416实用后握把,后握把,https://hpromax.top/static/assets/ui-cutouts/%E9%85%8D%E4%BB%B6%E5%9B%BE%E7%89%87/%E5%90%8E%E6%8F%A1%E6%8A%8A/416%E5%AE%9E%E7%94%A8%E5%90%8E%E6%8F%A1%E6%8A%8A-removebg-preview.png
兵锋新式握把,后握把,https://hpromax.top/static/assets/ui-cutouts/%E9%85%8D%E4%BB%B6%E5%9B%BE%E7%89%87/%E5%90%8E%E6%8F%A1%E6%8A%8A/%E5%85%B5%E9%94%8B%E6%96%B0%E5%BC%8F%E6%8F%A1%E6%8A%8A-removebg-preview.png
共振二代一体枪托,后握把,https://hpromax.top/static/assets/ui-cutouts/%E9%85%8D%E4%BB%B6%E5%9B%BE%E7%89%87/%E5%90%8E%E6%8F%A1%E6%8A%8A/%E5%85%B1%E6%8C%AF%E4%BA%8C%E4%BB%A3%E4%B8%80%E4%BD%93%E6%9E%AA%E6%89%98-removebg-preview.png
幻影后握把,后握把,https://hpromax.top/static/assets/ui-cutouts/%E9%85%8D%E4%BB%B6%E5%9B%BE%E7%89%87/%E5%90%8E%E6%8F%A1%E6%8A%8A/%E5%B9%BB%E5%BD%B1%E5%90%8E%E6%8F%A1%E6%8A%8A-removebg-preview.png
禁区一体枪托,后握把,https://hpromax.top/static/assets/ui-cutouts/%E9%85%8D%E4%BB%B6%E5%9B%BE%E7%89%87/%E5%90%8E%E6%8F%A1%E6%8A%8A/%E7%A6%81%E5%8C%BA%E4%B8%80%E4%BD%93%E6%9E%AA%E6%89%98-removebg-preview.png
飓风D-1后握把,后握把,https://hpromax.top/static/assets/ui-cutouts/%E9%85%8D%E4%BB%B6%E5%9B%BE%E7%89%87/%E5%90%8E%E6%8F%A1%E6%8A%8A/%E9%A3%93%E9%A3%8ED-1%E5%90%8E%E6%8F%A1%E6%8A%8A-removebg-preview.png
模块化AR后握把,后握把,https://hpromax.top/static/assets/ui-cutouts/%E9%85%8D%E4%BB%B6%E5%9B%BE%E7%89%87/%E5%90%8E%E6%8F%A1%E6%8A%8A/%E6%A8%A1%E5%9D%97%E5%8C%96AR%E5%90%8E%E6%8F%A1%E6%8A%8A-removebg-preview.png
平衡握把底座,后握把,https://hpromax.top/static/assets/ui-cutouts/%E9%85%8D%E4%BB%B6%E5%9B%BE%E7%89%87/%E5%90%8E%E6%8F%A1%E6%8A%8A/%E5%B9%B3%E8%A1%A1%E6%8F%A1%E6%8A%8A%E5%BA%95%E5%BA%A7-removebg-preview.png
侵袭后握把,后握把,https://hpromax.top/static/assets/ui-cutouts/%E9%85%8D%E4%BB%B6%E5%9B%BE%E7%89%87/%E5%90%8E%E6%8F%A1%E6%8A%8A/%E4%BE%B5%E8%A2%AD%E5%90%8E%E6%8F%A1%E6%8A%8A-removebg-preview.png
沙鹰竞技后握,后握把,https://hpromax.top/static/assets/ui-cutouts/%E9%85%8D%E4%BB%B6%E5%9B%BE%E7%89%87/%E5%90%8E%E6%8F%A1%E6%8A%8A/%E6%B2%99%E9%B9%B0%E7%AB%9E%E6%8A%80%E5%90%8E%E6%8F%A1-removebg-preview.png
射手AK后握把,后握把,https://hpromax.top/static/assets/ui-cutouts/%E9%85%8D%E4%BB%B6%E5%9B%BE%E7%89%87/%E5%90%8E%E6%8F%A1%E6%8A%8A/%E5%B0%84%E6%89%8BAK%E5%90%8E%E6%8F%A1%E6%8A%8A-removebg-preview.png
射手D-2后握把,后握把,https://hpromax.top/static/assets/ui-cutouts/%E9%85%8D%E4%BB%B6%E5%9B%BE%E7%89%87/%E5%90%8E%E6%8F%A1%E6%8A%8A/%E5%B0%84%E6%89%8BD-2%E5%90%8E%E6%8F%A1%E6%8A%8A-removebg-preview.png
实用AK后握把,后握把,https://hpromax.top/static/assets/ui-cutouts/%E9%85%8D%E4%BB%B6%E5%9B%BE%E7%89%87/%E5%90%8E%E6%8F%A1%E6%8A%8A/%E5%AE%9E%E7%94%A8AK%E5%90%8E%E6%8F%A1%E6%8A%8A-removebg-preview.png
侍卫稳固后握把,后握把,https://hpromax.top/static/assets/ui-cutouts/%E9%85%8D%E4%BB%B6%E5%9B%BE%E7%89%87/%E5%90%8E%E6%8F%A1%E6%8A%8A/%E4%BE%8D%E5%8D%AB%E7%A8%B3%E5%9B%BA%E5%90%8E%E6%8F%A1%E6%8A%8A-removebg-preview.png
天蝎座后握把,后握把,https://hpromax.top/static/assets/ui-cutouts/%E9%85%8D%E4%BB%B6%E5%9B%BE%E7%89%87/%E5%90%8E%E6%8F%A1%E6%8A%8A/%E5%A4%A9%E8%9D%8E%E5%BA%A7%E5%90%8E%E6%8F%A1%E6%8A%8A-removebg-preview.png
稳定AK后握把,后握把,https://hpromax.top/static/assets/ui-cutouts/%E9%85%8D%E4%BB%B6%E5%9B%BE%E7%89%87/%E5%90%8E%E6%8F%A1%E6%8A%8A/%E7%A8%B3%E5%AE%9AAK%E5%90%8E%E6%8F%A1%E6%8A%8A-removebg-preview.png
稳固握把底座,后握把,https://hpromax.top/static/assets/ui-cutouts/%E9%85%8D%E4%BB%B6%E5%9B%BE%E7%89%87/%E5%90%8E%E6%8F%A1%E6%8A%8A/%E7%A8%B3%E5%9B%BA%E6%8F%A1%E6%8A%8A%E5%BA%95%E5%BA%A7-removebg-preview.png
新式尖兵轻型握把,后握把,https://hpromax.top/static/assets/ui-cutouts/%E9%85%8D%E4%BB%B6%E5%9B%BE%E7%89%87/%E5%90%8E%E6%8F%A1%E6%8A%8A/%E6%96%B0%E5%BC%8F%E5%B0%96%E5%85%B5%E8%BD%BB%E5%9E%8B%E6%8F%A1%E6%8A%8A-removebg-preview.png
新式侍剑重型握把,后握把,https://hpromax.top/static/assets/ui-cutouts/%E9%85%8D%E4%BB%B6%E5%9B%BE%E7%89%87/%E5%90%8E%E6%8F%A1%E6%8A%8A/%E6%96%B0%E5%BC%8F%E4%BE%8D%E5%89%91%E9%87%8D%E5%9E%8B%E6%8F%A1%E6%8A%8A-removebg-preview.png
左轮狙击后握,后握把,https://hpromax.top/static/assets/ui-cutouts/%E9%85%8D%E4%BB%B6%E5%9B%BE%E7%89%87/%E5%90%8E%E6%8F%A1%E6%8A%8A/%E5%B7%A6%E8%BD%AE%E7%8B%99%E5%87%BB%E5%90%8E%E6%8F%A1-removebg-preview.png
AK镂空握把,后握把,https://hpromax.top/static/assets/ui-cutouts/%E9%85%8D%E4%BB%B6%E5%9B%BE%E7%89%87/%E5%90%8E%E6%8F%A1%E6%8A%8A/AK%E9%95%82%E7%A9%BA%E6%8F%A1%E6%8A%8A-removebg-preview.png
AK重塔握把,后握把,https://hpromax.top/static/assets/ui-cutouts/%E9%85%8D%E4%BB%B6%E5%9B%BE%E7%89%87/%E5%90%8E%E6%8F%A1%E6%8A%8A/AK%E9%87%8D%E5%A1%94%E6%8F%A1%E6%8A%8A-removebg-preview.png
AR重塔握把,后握把,https://hpromax.top/static/assets/ui-cutouts/%E9%85%8D%E4%BB%B6%E5%9B%BE%E7%89%87/%E5%90%8E%E6%8F%A1%E6%8A%8A/AR%E9%87%8D%E5%A1%94%E6%8F%A1%E6%8A%8A-removebg-preview.png
ARMOE后握把,后握把,https://hpromax.top/static/assets/ui-cutouts/%E9%85%8D%E4%BB%B6%E5%9B%BE%E7%89%87/%E5%90%8E%E6%8F%A1%E6%8A%8A/ARMOE%E5%90%8E%E6%8F%A1%E6%8A%8A-removebg-preview.png
G3后握把,后握把,https://hpromax.top/static/assets/ui-cutouts/%E9%85%8D%E4%BB%B6%E5%9B%BE%E7%89%87/%E5%90%8E%E6%8F%A1%E6%8A%8A/G3%E5%90%8E%E6%8F%A1%E6%8A%8A-removebg-preview.png
G3镂空握把,后握把,https://hpromax.top/static/assets/ui-cutouts/%E9%85%8D%E4%BB%B6%E5%9B%BE%E7%89%87/%E5%90%8E%E6%8F%A1%E6%8A%8A/G3%E9%95%82%E7%A9%BA%E6%8F%A1%E6%8A%8A-removebg-preview.png
M1911夜鹰战术后握把,后握把,https://hpromax.top/static/assets/ui-cutouts/%E9%85%8D%E4%BB%B6%E5%9B%BE%E7%89%87/%E5%90%8E%E6%8F%A1%E6%8A%8A/M1911%E5%A4%9C%E9%B9%B0%E6%88%98%E6%9C%AF%E5%90%8E%E6%8F%A1%E6%8A%8A-removebg-preview.png
M249蝎尾握把,后握把,https://hpromax.top/static/assets/ui-cutouts/%E9%85%8D%E4%BB%B6%E5%9B%BE%E7%89%87/%E5%90%8E%E6%8F%A1%E6%8A%8A/M249%E8%9D%8E%E5%B0%BE%E6%8F%A1%E6%8A%8A-removebg-preview.png
M7稳定后握把,后握把,https://hpromax.top/static/assets/ui-cutouts/%E9%85%8D%E4%BB%B6%E5%9B%BE%E7%89%87/%E5%90%8E%E6%8F%A1%E6%8A%8A/M7%E7%A8%B3%E5%AE%9A%E5%90%8E%E6%8F%A1%E6%8A%8A-removebg-preview.png
M9黑色均衡后握,后握把,https://hpromax.top/static/assets/ui-cutouts/%E9%85%8D%E4%BB%B6%E5%9B%BE%E7%89%87/%E5%90%8E%E6%8F%A1%E6%8A%8A/M9%E9%BB%91%E8%89%B2%E5%9D%87%E8%A1%A1%E5%90%8E%E6%8F%A1-removebg-preview.png
M9木色稳定后握,后握把,https://hpromax.top/static/assets/ui-cutouts/%E9%85%8D%E4%BB%B6%E5%9B%BE%E7%89%87/%E5%90%8E%E6%8F%A1%E6%8A%8A/M9%E6%9C%A8%E8%89%B2%E7%A8%B3%E5%AE%9A%E5%90%8E%E6%8F%A1-removebg-preview.png
M9肉色操控后握,后握把,https://hpromax.top/static/assets/ui-cutouts/%E9%85%8D%E4%BB%B6%E5%9B%BE%E7%89%87/%E5%90%8E%E6%8F%A1%E6%8A%8A/M9%E8%82%89%E8%89%B2%E6%93%8D%E6%8E%A7%E5%90%8E%E6%8F%A1-removebg-preview.png
MP7平衡后握把,后握把,https://hpromax.top/static/assets/ui-cutouts/%E9%85%8D%E4%BB%B6%E5%9B%BE%E7%89%87/%E5%90%8E%E6%8F%A1%E6%8A%8A/MP7%E5%B9%B3%E8%A1%A1%E5%90%8E%E6%8F%A1%E6%8A%8A-removebg-preview.png
MP7稳固后握把,后握把,https://hpromax.top/static/assets/ui-cutouts/%E9%85%8D%E4%BB%B6%E5%9B%BE%E7%89%87/%E5%90%8E%E6%8F%A1%E6%8A%8A/MP7%E7%A8%B3%E5%9B%BA%E5%90%8E%E6%8F%A1%E6%8A%8A-removebg-preview.png
PSG-1后握把,后握把,https://hpromax.top/static/assets/ui-cutouts/%E9%85%8D%E4%BB%B6%E5%9B%BE%E7%89%87/%E5%90%8E%E6%8F%A1%E6%8A%8A/PSG-1%E5%90%8E%E6%8F%A1%E6%8A%8A-removebg-preview.png
RK3后握把,后握把,https://hpromax.top/static/assets/ui-cutouts/%E9%85%8D%E4%BB%B6%E5%9B%BE%E7%89%87/%E5%90%8E%E6%8F%A1%E6%8A%8A/RK3%E5%90%8E%E6%8F%A1%E6%8A%8A-removebg-preview.png
SVCH风影轻质握把,后握把,https://hpromax.top/static/assets/ui-cutouts/%E9%85%8D%E4%BB%B6%E5%9B%BE%E7%89%87/%E5%90%8E%E6%8F%A1%E6%8A%8A/SVCH%E9%A3%8E%E5%BD%B1%E8%BD%BB%E8%B4%A8%E6%8F%A1%E6%8A%8A-removebg-preview.png
SVCH星象稳固握把,后握把,https://hpromax.top/static/assets/ui-cutouts/%E9%85%8D%E4%BB%B6%E5%9B%BE%E7%89%87/%E5%90%8E%E6%8F%A1%E6%8A%8A/SVCH%E6%98%9F%E8%B1%A1%E7%A8%B3%E5%9B%BA%E6%8F%A1%E6%8A%8A-removebg-preview.png
svd聚合物一体枪托,后握把,https://hpromax.top/static/assets/ui-cutouts/%E9%85%8D%E4%BB%B6%E5%9B%BE%E7%89%87/%E5%90%8E%E6%8F%A1%E6%8A%8A/svd%E8%81%9A%E5%90%88%E7%89%A9%E4%B8%80%E4%BD%93%E6%9E%AA%E6%89%98-removebg-preview.png
SVD握把转接,后握把,https://hpromax.top/static/assets/ui-cutouts/%E9%85%8D%E4%BB%B6%E5%9B%BE%E7%89%87/%E5%90%8E%E6%8F%A1%E6%8A%8A/SVD%E6%8F%A1%E6%8A%8A%E8%BD%AC%E6%8E%A5-removebg-preview.png
XK防滑纹后握,后握把,https://hpromax.top/static/assets/ui-cutouts/%E9%85%8D%E4%BB%B6%E5%9B%BE%E7%89%87/%E5%90%8E%E6%8F%A1%E6%8A%8A/XK%E9%98%B2%E6%BB%91%E7%BA%B9%E5%90%8E%E6%8F%A1-removebg-preview.png
XK竞技后握,后握把,https://hpromax.top/static/assets/ui-cutouts/%E9%85%8D%E4%BB%B6%E5%9B%BE%E7%89%87/%E5%90%8E%E6%8F%A1%E6%8A%8A/XK%E7%AB%9E%E6%8A%80%E5%90%8E%E6%8F%A1-removebg-preview.png
XK橡胶套后握,后握把,https://hpromax.top/static/assets/ui-cutouts/%E9%85%8D%E4%BB%B6%E5%9B%BE%E7%89%87/%E5%90%8E%E6%8F%A1%E6%8A%8A/XK%E6%A9%A1%E8%83%B6%E5%A5%97%E5%90%8E%E6%8F%A1-removebg-preview.png
95长弓平台套件,护木,https://hpromax.top/static/assets/ui-cutouts/%E9%85%8D%E4%BB%B6%E5%9B%BE%E7%89%87/%E6%8A%A4%E6%9C%A8/95%E9%95%BF%E5%BC%93%E5%B9%B3%E5%8F%B0%E5%A5%97%E4%BB%B6-removebg-preview.png
野牛碳纤维护木,护木,https://hpromax.top/static/assets/ui-cutouts/%E9%85%8D%E4%BB%B6%E5%9B%BE%E7%89%87/%E6%8A%A4%E6%9C%A8/%E9%87%8E%E7%89%9B%E7%A2%B3%E7%BA%A4%E7%BB%B4%E6%8A%A4%E6%9C%A8-removebg-preview.png
AKS74U导轨上护木,护木,https://hpromax.top/static/assets/ui-cutouts/%E9%85%8D%E4%BB%B6%E5%9B%BE%E7%89%87/%E6%8A%A4%E6%9C%A8/AKS74U%E5%AF%BC%E8%BD%A8%E4%B8%8A%E6%8A%A4%E6%9C%A8-removebg-preview.png
AKS74U导轨下护木,护木,https://hpromax.top/static/assets/ui-cutouts/%E9%85%8D%E4%BB%B6%E5%9B%BE%E7%89%87/%E6%8A%A4%E6%9C%A8/AKS74U%E5%AF%BC%E8%BD%A8%E4%B8%8B%E6%8A%A4%E6%9C%A8-removebg-preview.png
AWM穹顶套件,护木,https://hpromax.top/static/assets/ui-cutouts/%E9%85%8D%E4%BB%B6%E5%9B%BE%E7%89%87/%E6%8A%A4%E6%9C%A8/AWM%E7%A9%B9%E9%A1%B6%E5%A5%97%E4%BB%B6-removebg-preview.png
FS-12人体工学护木,护木,https://hpromax.top/static/assets/ui-cutouts/%E9%85%8D%E4%BB%B6%E5%9B%BE%E7%89%87/%E6%8A%A4%E6%9C%A8/FS-12%E4%BA%BA%E4%BD%93%E5%B7%A5%E5%AD%A6%E6%8A%A4%E6%9C%A8-removebg-preview.png
M1014导轨护木,护木,https://hpromax.top/static/assets/ui-cutouts/%E9%85%8D%E4%BB%B6%E5%9B%BE%E7%89%87/%E6%8A%A4%E6%9C%A8/M1014%E5%AF%BC%E8%BD%A8%E6%8A%A4%E6%9C%A8-removebg-preview.png
M14导轨一体枪托,护木,https://hpromax.top/static/assets/ui-cutouts/%E9%85%8D%E4%BB%B6%E5%9B%BE%E7%89%87/%E6%8A%A4%E6%9C%A8/M14%E5%AF%BC%E8%BD%A8%E4%B8%80%E4%BD%93%E6%9E%AA%E6%89%98-removebg-preview.png
M14聚合物一体枪托,护木,https://hpromax.top/static/assets/ui-cutouts/%E9%85%8D%E4%BB%B6%E5%9B%BE%E7%89%87/%E6%8A%A4%E6%9C%A8/M14%E8%81%9A%E5%90%88%E7%89%A9%E4%B8%80%E4%BD%93%E6%9E%AA%E6%89%98-removebg-preview.png
M14先进枪身系统,护木,https://hpromax.top/static/assets/ui-cutouts/%E9%85%8D%E4%BB%B6%E5%9B%BE%E7%89%87/%E6%8A%A4%E6%9C%A8/M14%E5%85%88%E8%BF%9B%E6%9E%AA%E8%BA%AB%E7%B3%BB%E7%BB%9F-removebg-preview.png
M249导轨护木,护木,https://hpromax.top/static/assets/ui-cutouts/%E9%85%8D%E4%BB%B6%E5%9B%BE%E7%89%87/%E6%8A%A4%E6%9C%A8/M249%E5%AF%BC%E8%BD%A8%E6%8A%A4%E6%9C%A8-removebg-preview.png
M249脚架护木,护木,https://hpromax.top/static/assets/ui-cutouts/%E9%85%8D%E4%BB%B6%E5%9B%BE%E7%89%87/%E6%8A%A4%E6%9C%A8/M249%E8%84%9A%E6%9E%B6%E6%8A%A4%E6%9C%A8-removebg-preview.png
M249军规导轨护木,护木,https://hpromax.top/static/assets/ui-cutouts/%E9%85%8D%E4%BB%B6%E5%9B%BE%E7%89%87/%E6%8A%A4%E6%9C%A8/M249%E5%86%9B%E8%A7%84%E5%AF%BC%E8%BD%A8%E6%8A%A4%E6%9C%A8-removebg-preview.png
M700黑色一体枪托,护木,https://hpromax.top/static/assets/ui-cutouts/%E9%85%8D%E4%BB%B6%E5%9B%BE%E7%89%87/%E6%8A%A4%E6%9C%A8/M700%E9%BB%91%E8%89%B2%E4%B8%80%E4%BD%93%E6%9E%AA%E6%89%98-removebg-preview.png
M700军规护木,护木,https://hpromax.top/static/assets/ui-cutouts/%E9%85%8D%E4%BB%B6%E5%9B%BE%E7%89%87/%E6%8A%A4%E6%9C%A8/M700%E5%86%9B%E8%A7%84%E6%8A%A4%E6%9C%A8-removebg-preview.png
M700稳定一体枪托,护木,https://hpromax.top/static/assets/ui-cutouts/%E9%85%8D%E4%BB%B6%E5%9B%BE%E7%89%87/%E6%8A%A4%E6%9C%A8/M700%E7%A8%B3%E5%AE%9A%E4%B8%80%E4%BD%93%E6%9E%AA%E6%89%98-removebg-preview.png
M700先进枪身系统,护木,https://hpromax.top/static/assets/ui-cutouts/%E9%85%8D%E4%BB%B6%E5%9B%BE%E7%89%87/%E6%8A%A4%E6%9C%A8/M700%E5%85%88%E8%BF%9B%E6%9E%AA%E8%BA%AB%E7%B3%BB%E7%BB%9F-removebg-preview.png
M870导轨护木,护木,https://hpromax.top/static/assets/ui-cutouts/%E9%85%8D%E4%BB%B6%E5%9B%BE%E7%89%87/%E6%8A%A4%E6%9C%A8/M870%E5%AF%BC%E8%BD%A8%E6%8A%A4%E6%9C%A8-removebg-preview.png
Mini-14聚合物枪托,护木,https://hpromax.top/static/assets/ui-cutouts/%E9%85%8D%E4%BB%B6%E5%9B%BE%E7%89%87/%E6%8A%A4%E6%9C%A8/Mini-14%E8%81%9A%E5%90%88%E7%89%A9%E6%9E%AA%E6%89%98-removebg-preview.png
Mini-14聚合物一体枪托,护木,https://hpromax.top/static/assets/ui-cutouts/%E9%85%8D%E4%BB%B6%E5%9B%BE%E7%89%87/%E6%8A%A4%E6%9C%A8/Mini-14%E8%81%9A%E5%90%88%E7%89%A9%E4%B8%80%E4%BD%93%E6%9E%AA%E6%89%98-removebg-preview.png
Mini-14先进枪身系统,护木,https://hpromax.top/static/assets/ui-cutouts/%E9%85%8D%E4%BB%B6%E5%9B%BE%E7%89%87/%E6%8A%A4%E6%9C%A8/Mini-14%E5%85%88%E8%BF%9B%E6%9E%AA%E8%BA%AB%E7%B3%BB%E7%BB%9F-removebg-preview.png
SKS先进护木,护木,https://hpromax.top/static/assets/ui-cutouts/%E9%85%8D%E4%BB%B6%E5%9B%BE%E7%89%87/%E6%8A%A4%E6%9C%A8/SKS%E5%85%88%E8%BF%9B%E6%8A%A4%E6%9C%A8-removebg-preview.png
SR-25主宰者护木,护木,https://hpromax.top/static/assets/ui-cutouts/%E9%85%8D%E4%BB%B6%E5%9B%BE%E7%89%87/%E6%8A%A4%E6%9C%A8/SR-25%E4%B8%BB%E5%AE%B0%E8%80%85%E6%8A%A4%E6%9C%A8-removebg-preview.png
SR25精英护木,护木,https://hpromax.top/static/assets/ui-cutouts/%E9%85%8D%E4%BB%B6%E5%9B%BE%E7%89%87/%E6%8A%A4%E6%9C%A8/SR25%E7%B2%BE%E8%8B%B1%E6%8A%A4%E6%9C%A8-removebg-preview.png
SVCH突袭短护木,护木,https://hpromax.top/static/assets/ui-cutouts/%E9%85%8D%E4%BB%B6%E5%9B%BE%E7%89%87/%E6%8A%A4%E6%9C%A8/SVCH%E7%AA%81%E8%A2%AD%E7%9F%AD%E6%8A%A4%E6%9C%A8-removebg-preview.png
SVCH一体式护木,护木,https://hpromax.top/static/assets/ui-cutouts/%E9%85%8D%E4%BB%B6%E5%9B%BE%E7%89%87/%E6%8A%A4%E6%9C%A8/SVCH%E4%B8%80%E4%BD%93%E5%BC%8F%E6%8A%A4%E6%9C%A8-removebg-preview.png
SVD导轨护木,护木,https://hpromax.top/static/assets/ui-cutouts/%E9%85%8D%E4%BB%B6%E5%9B%BE%E7%89%87/%E6%8A%A4%E6%9C%A8/SVD%E5%AF%BC%E8%BD%A8%E6%8A%A4%E6%9C%A8-removebg-preview.png
svd聚合物护木,护木,https://hpromax.top/static/assets/ui-cutouts/%E9%85%8D%E4%BB%B6%E5%9B%BE%E7%89%87/%E6%8A%A4%E6%9C%A8/svd%E8%81%9A%E5%90%88%E7%89%A9%E6%8A%A4%E6%9C%A8-removebg-preview.png
UZI导轨护木,护木,https://hpromax.top/static/assets/ui-cutouts/%E9%85%8D%E4%BB%B6%E5%9B%BE%E7%89%87/%E6%8A%A4%E6%9C%A8/UZI%E5%AF%BC%E8%BD%A8%E6%8A%A4%E6%9C%A8-removebg-preview.png
UZI性能护木,护木,https://hpromax.top/static/assets/ui-cutouts/%E9%85%8D%E4%BB%B6%E5%9B%BE%E7%89%87/%E6%8A%A4%E6%9C%A8/UZI%E6%80%A7%E8%83%BD%E6%8A%A4%E6%9C%A8-removebg-preview.png
1p-29俄制3倍瞄准镜,瞄具,https://hpromax.top/static/assets/ui-cutouts/%E9%85%8D%E4%BB%B6%E5%9B%BE%E7%89%87/%E7%9E%84%E5%85%B7/1p-29%E4%BF%84%E5%88%B63%E5%80%8D%E7%9E%84%E5%87%86%E9%95%9C-removebg-preview.png
1p332_4倍瞄准镜,瞄具,https://hpromax.top/static/assets/ui-cutouts/%E9%85%8D%E4%BB%B6%E5%9B%BE%E7%89%87/%E7%9E%84%E5%85%B7/1p332_4%E5%80%8D%E7%9E%84%E5%87%86%E9%95%9C-removebg-preview.png
3_7可调倍率狙击镜,瞄具,https://hpromax.top/static/assets/ui-cutouts/%E9%85%8D%E4%BB%B6%E5%9B%BE%E7%89%87/%E7%9E%84%E5%85%B7/3_7%E5%8F%AF%E8%B0%83%E5%80%8D%E7%8E%87%E7%8B%99%E5%87%BB%E9%95%9C-removebg-preview.png
6_12神射手变倍狙击镜,瞄具,https://hpromax.top/static/assets/ui-cutouts/%E9%85%8D%E4%BB%B6%E5%9B%BE%E7%89%87/%E7%9E%84%E5%85%B7/6_12%E7%A5%9E%E5%B0%84%E6%89%8B%E5%8F%98%E5%80%8D%E7%8B%99%E5%87%BB%E9%95%9C-removebg-preview.png
八倍先进热成像狙击镜,瞄具,https://hpromax.top/static/assets/ui-cutouts/%E9%85%8D%E4%BB%B6%E5%9B%BE%E7%89%87/%E7%9E%84%E5%85%B7/%E5%85%AB%E5%80%8D%E5%85%88%E8%BF%9B%E7%83%AD%E6%88%90%E5%83%8F%E7%8B%99%E5%87%BB%E9%95%9C-removebg-preview.png
侧置全景红点瞄准镜,瞄具,https://hpromax.top/static/assets/ui-cutouts/%E9%85%8D%E4%BB%B6%E5%9B%BE%E7%89%87/%E7%9E%84%E5%85%B7/%E4%BE%A7%E7%BD%AE%E5%85%A8%E6%99%AF%E7%BA%A2%E7%82%B9%E7%9E%84%E5%87%86%E9%95%9C-removebg-preview.png
侧置微型红点瞄准镜,瞄具,https://hpromax.top/static/assets/ui-cutouts/%E9%85%8D%E4%BB%B6%E5%9B%BE%E7%89%87/%E7%9E%84%E5%85%B7/%E4%BE%A7%E7%BD%AE%E5%BE%AE%E5%9E%8B%E7%BA%A2%E7%82%B9%E7%9E%84%E5%87%86%E9%95%9C-removebg-preview.png
侧置战斗红点瞄准镜,瞄具,https://hpromax.top/static/assets/ui-cutouts/%E9%85%8D%E4%BB%B6%E5%9B%BE%E7%89%87/%E7%9E%84%E5%85%B7/%E4%BE%A7%E7%BD%AE%E6%88%98%E6%96%97%E7%BA%A2%E7%82%B9%E7%9E%84%E5%87%86%E9%95%9C-removebg-preview.png
侧置Osight微型瞄准镜,瞄具,https://hpromax.top/static/assets/ui-cutouts/%E9%85%8D%E4%BB%B6%E5%9B%BE%E7%89%87/%E7%9E%84%E5%85%B7/%E4%BE%A7%E7%BD%AEOsight%E5%BE%AE%E5%9E%8B%E7%9E%84%E5%87%86%E9%95%9C-removebg-preview.png
侧置XRO快速反应瞄准镜,瞄具,https://hpromax.top/static/assets/ui-cutouts/%E9%85%8D%E4%BB%B6%E5%9B%BE%E7%89%87/%E7%9E%84%E5%85%B7/%E4%BE%A7%E7%BD%AEXRO%E5%BF%AB%E9%80%9F%E5%8F%8D%E5%BA%94%E7%9E%84%E5%87%86%E9%95%9C-removebg-preview.png
多用途战术增高架,瞄具,https://hpromax.top/static/assets/ui-cutouts/%E9%85%8D%E4%BB%B6%E5%9B%BE%E7%89%87/%E7%9E%84%E5%85%B7/%E5%A4%9A%E7%94%A8%E9%80%94%E6%88%98%E6%9C%AF%E5%A2%9E%E9%AB%98%E6%9E%B6-removebg-preview.png
俄式准直二倍瞄准镜,瞄具,https://hpromax.top/static/assets/ui-cutouts/%E9%85%8D%E4%BB%B6%E5%9B%BE%E7%89%87/%E7%9E%84%E5%85%B7/%E4%BF%84%E5%BC%8F%E5%87%86%E7%9B%B4%E4%BA%8C%E5%80%8D%E7%9E%84%E5%87%86%E9%95%9C-removebg-preview.png
反射式瞄准镜,瞄具,https://hpromax.top/static/assets/ui-cutouts/%E9%85%8D%E4%BB%B6%E5%9B%BE%E7%89%87/%E7%9E%84%E5%85%B7/%E5%8F%8D%E5%B0%84%E5%BC%8F%E7%9E%84%E5%87%86%E9%95%9C-removebg-preview.png
复合弓无框瞄具,瞄具,https://hpromax.top/static/assets/ui-cutouts/%E9%85%8D%E4%BB%B6%E5%9B%BE%E7%89%87/%E7%9E%84%E5%85%B7/%E5%A4%8D%E5%90%88%E5%BC%93%E6%97%A0%E6%A1%86%E7%9E%84%E5%85%B7-removebg-preview.png
复合弓智能倍镜,瞄具,https://hpromax.top/static/assets/ui-cutouts/%E9%85%8D%E4%BB%B6%E5%9B%BE%E7%89%87/%E7%9E%84%E5%85%B7/%E5%A4%8D%E5%90%88%E5%BC%93%E6%99%BA%E8%83%BD%E5%80%8D%E9%95%9C-removebg-preview.png
杠杆式步枪守望者狙击镜,瞄具,https://hpromax.top/static/assets/ui-cutouts/%E9%85%8D%E4%BB%B6%E5%9B%BE%E7%89%87/%E7%9E%84%E5%85%B7/%E6%9D%A0%E6%9D%86%E5%BC%8F%E6%AD%A5%E6%9E%AA%E5%AE%88%E6%9C%9B%E8%80%85%E7%8B%99%E5%87%BB%E9%95%9C-removebg-preview.png
光学狙击8倍瞄准镜,瞄具,https://hpromax.top/static/assets/ui-cutouts/%E9%85%8D%E4%BB%B6%E5%9B%BE%E7%89%87/%E7%9E%84%E5%85%B7/%E5%85%89%E5%AD%A6%E7%8B%99%E5%87%BB8%E5%80%8D%E7%9E%84%E5%87%86%E9%95%9C-removebg-preview.png
棱镜通用二倍光学瞄具,瞄具,https://hpromax.top/static/assets/ui-cutouts/%E9%85%8D%E4%BB%B6%E5%9B%BE%E7%89%87/%E7%9E%84%E5%85%B7/%E6%A3%B1%E9%95%9C%E9%80%9A%E7%94%A8%E4%BA%8C%E5%80%8D%E5%85%89%E5%AD%A6%E7%9E%84%E5%85%B7-removebg-preview.png
灵眼3_7弹道计算狙击镜,瞄具,https://hpromax.top/static/assets/ui-cutouts/%E9%85%8D%E4%BB%B6%E5%9B%BE%E7%89%87/%E7%9E%84%E5%85%B7/%E7%81%B5%E7%9C%BC3_7%E5%BC%B9%E9%81%93%E8%AE%A1%E7%AE%97%E7%8B%99%E5%87%BB%E9%95%9C-removebg-preview.png
灵眼6_12弹道计算狙击镜,瞄具,https://hpromax.top/static/assets/ui-cutouts/%E9%85%8D%E4%BB%B6%E5%9B%BE%E7%89%87/%E7%9E%84%E5%85%B7/%E7%81%B5%E7%9C%BC6_12%E5%BC%B9%E9%81%93%E8%AE%A1%E7%AE%97%E7%8B%99%E5%87%BB%E9%95%9C-removebg-preview.png
全景红点瞄准镜,瞄具,https://hpromax.top/static/assets/ui-cutouts/%E9%85%8D%E4%BB%B6%E5%9B%BE%E7%89%87/%E7%9E%84%E5%85%B7/%E5%85%A8%E6%99%AF%E7%BA%A2%E7%82%B9%E7%9E%84%E5%87%86%E9%95%9C-removebg-preview.png
全息二型瞄准镜,瞄具,https://hpromax.top/static/assets/ui-cutouts/%E9%85%8D%E4%BB%B6%E5%9B%BE%E7%89%87/%E7%9E%84%E5%85%B7/%E5%85%A8%E6%81%AF%E4%BA%8C%E5%9E%8B%E7%9E%84%E5%87%86%E9%95%9C-removebg-preview.png
全息瞄准镜,瞄具,https://hpromax.top/static/assets/ui-cutouts/%E9%85%8D%E4%BB%B6%E5%9B%BE%E7%89%87/%E7%9E%84%E5%85%B7/%E5%85%A8%E6%81%AF%E7%9E%84%E5%87%86%E9%95%9C-removebg-preview.png
视点3倍瞄准镜,瞄具,https://hpromax.top/static/assets/ui-cutouts/%E9%85%8D%E4%BB%B6%E5%9B%BE%E7%89%87/%E7%9E%84%E5%85%B7/%E8%A7%86%E7%82%B93%E5%80%8D%E7%9E%84%E5%87%86%E9%95%9C-removebg-preview.png
微型红点瞄准镜,瞄具,https://hpromax.top/static/assets/ui-cutouts/%E9%85%8D%E4%BB%B6%E5%9B%BE%E7%89%87/%E7%9E%84%E5%85%B7/%E5%BE%AE%E5%9E%8B%E7%BA%A2%E7%82%B9%E7%9E%84%E5%87%86%E9%95%9C-removebg-preview.png
微型瞄具增高架,瞄具,https://hpromax.top/static/assets/ui-cutouts/%E9%85%8D%E4%BB%B6%E5%9B%BE%E7%89%87/%E7%9E%84%E5%85%B7/%E5%BE%AE%E5%9E%8B%E7%9E%84%E5%85%B7%E5%A2%9E%E9%AB%98%E6%9E%B6-removebg-preview.png
先进白热成像战斗瞄准镜,瞄具,https://hpromax.top/static/assets/ui-cutouts/%E9%85%8D%E4%BB%B6%E5%9B%BE%E7%89%87/%E7%9E%84%E5%85%B7/%E5%85%88%E8%BF%9B%E7%99%BD%E7%83%AD%E6%88%90%E5%83%8F%E6%88%98%E6%96%97%E7%9E%84%E5%87%86%E9%95%9C-removebg-preview.png
先进热融合全息瞄准镜,瞄具,https://hpromax.top/static/assets/ui-cutouts/%E9%85%8D%E4%BB%B6%E5%9B%BE%E7%89%87/%E7%9E%84%E5%85%B7/%E5%85%88%E8%BF%9B%E7%83%AD%E8%9E%8D%E5%90%88%E5%85%A8%E6%81%AF%E7%9E%84%E5%87%86%E9%95%9C-removebg-preview.png
战斗红点瞄准镜,瞄具,https://hpromax.top/static/assets/ui-cutouts/%E9%85%8D%E4%BB%B6%E5%9B%BE%E7%89%87/%E7%9E%84%E5%85%B7/%E6%88%98%E6%96%97%E7%BA%A2%E7%82%B9%E7%9E%84%E5%87%86%E9%95%9C-removebg-preview.png
侦察1.5_5可调瞄准镜,瞄具,https://hpromax.top/static/assets/ui-cutouts/%E9%85%8D%E4%BB%B6%E5%9B%BE%E7%89%87/%E7%9E%84%E5%85%B7/%E4%BE%A6%E5%AF%9F1.5_5%E5%8F%AF%E8%B0%83%E7%9E%84%E5%87%86%E9%95%9C-removebg-preview.png
ACOG精准六倍镜,瞄具,https://hpromax.top/static/assets/ui-cutouts/%E9%85%8D%E4%BB%B6%E5%9B%BE%E7%89%87/%E7%9E%84%E5%85%B7/ACOG%E7%B2%BE%E5%87%86%E5%85%AD%E5%80%8D%E9%95%9C-removebg-preview.png
AP5000反射式瞄准镜,瞄具,https://hpromax.top/static/assets/ui-cutouts/%E9%85%8D%E4%BB%B6%E5%9B%BE%E7%89%87/%E7%9E%84%E5%85%B7/AP5000%E5%8F%8D%E5%B0%84%E5%BC%8F%E7%9E%84%E5%87%86%E9%95%9C-removebg-preview.png
Cobra准直式瞄准镜,瞄具,https://hpromax.top/static/assets/ui-cutouts/%E9%85%8D%E4%BB%B6%E5%9B%BE%E7%89%87/%E7%9E%84%E5%85%B7/Cobra%E5%87%86%E7%9B%B4%E5%BC%8F%E7%9E%84%E5%87%86%E9%95%9C-removebg-preview.png
HAMR组合瞄准镜,瞄具,https://hpromax.top/static/assets/ui-cutouts/%E9%85%8D%E4%BB%B6%E5%9B%BE%E7%89%87/%E7%9E%84%E5%85%B7/HAMR%E7%BB%84%E5%90%88%E7%9E%84%E5%87%86%E9%95%9C-removebg-preview.png
LPVO多倍率战斗瞄具,瞄具,https://hpromax.top/static/assets/ui-cutouts/%E9%85%8D%E4%BB%B6%E5%9B%BE%E7%89%87/%E7%9E%84%E5%85%B7/LPVO%E5%A4%9A%E5%80%8D%E7%8E%87%E6%88%98%E6%96%97%E7%9E%84%E5%85%B7-removebg-preview.png
M157火控光学系统,瞄具,https://hpromax.top/static/assets/ui-cutouts/%E9%85%8D%E4%BB%B6%E5%9B%BE%E7%89%87/%E7%9E%84%E5%85%B7/M157%E7%81%AB%E6%8E%A7%E5%85%89%E5%AD%A6%E7%B3%BB%E7%BB%9F-removebg-preview.png
M3狙击镜,瞄具,https://hpromax.top/static/assets/ui-cutouts/%E9%85%8D%E4%BB%B6%E5%9B%BE%E7%89%87/%E7%9E%84%E5%85%B7/M3%E7%8B%99%E5%87%BB%E9%95%9C-removebg-preview.png
MEO微型瞄具增高架,瞄具,https://hpromax.top/static/assets/ui-cutouts/%E9%85%8D%E4%BB%B6%E5%9B%BE%E7%89%87/%E7%9E%84%E5%85%B7/MEO%E5%BE%AE%E5%9E%8B%E7%9E%84%E5%85%B7%E5%A2%9E%E9%AB%98%E6%9E%B6-removebg-preview.png
okp-7反射瞄准镜,瞄具,https://hpromax.top/static/assets/ui-cutouts/%E9%85%8D%E4%BB%B6%E5%9B%BE%E7%89%87/%E7%9E%84%E5%85%B7/okp-7%E5%8F%8D%E5%B0%84%E7%9E%84%E5%87%86%E9%95%9C-removebg-preview.png
Osight微型瞄准镜,瞄具,https://hpromax.top/static/assets/ui-cutouts/%E9%85%8D%E4%BB%B6%E5%9B%BE%E7%89%87/%E7%9E%84%E5%85%B7/Osight%E5%BE%AE%E5%9E%8B%E7%9E%84%E5%87%86%E9%95%9C-removebg-preview.png
PSO狙击8倍瞄准镜,瞄具,https://hpromax.top/static/assets/ui-cutouts/%E9%85%8D%E4%BB%B6%E5%9B%BE%E7%89%87/%E7%9E%84%E5%85%B7/PSO%E7%8B%99%E5%87%BB8%E5%80%8D%E7%9E%84%E5%87%86%E9%95%9C-removebg-preview.png
PSO战斗2.5倍瞄准镜,瞄具,https://hpromax.top/static/assets/ui-cutouts/%E9%85%8D%E4%BB%B6%E5%9B%BE%E7%89%87/%E7%9E%84%E5%85%B7/PSO%E6%88%98%E6%96%972.5%E5%80%8D%E7%9E%84%E5%87%86%E9%95%9C-removebg-preview.png
UHX全息瞄准镜,瞄具,https://hpromax.top/static/assets/ui-cutouts/%E9%85%8D%E4%BB%B6%E5%9B%BE%E7%89%87/%E7%9E%84%E5%85%B7/UHX%E5%85%A8%E6%81%AF%E7%9E%84%E5%87%86%E9%95%9C-removebg-preview.png
VMX无框瞄具,瞄具,https://hpromax.top/static/assets/ui-cutouts/%E9%85%8D%E4%BB%B6%E5%9B%BE%E7%89%87/%E7%9E%84%E5%85%B7/VMX%E6%97%A0%E6%A1%86%E7%9E%84%E5%85%B7-removebg-preview.png
XCOG突击3.5倍瞄准镜,瞄具,https://hpromax.top/static/assets/ui-cutouts/%E9%85%8D%E4%BB%B6%E5%9B%BE%E7%89%87/%E7%9E%84%E5%85%B7/XCOG%E7%AA%81%E5%87%BB3.5%E5%80%8D%E7%9E%84%E5%87%86%E9%95%9C-removebg-preview.png
XRO快速反应瞄准镜,瞄具,https://hpromax.top/static/assets/ui-cutouts/%E9%85%8D%E4%BB%B6%E5%9B%BE%E7%89%87/%E7%9E%84%E5%85%B7/XRO%E5%BF%AB%E9%80%9F%E5%8F%8D%E5%BA%94%E7%9E%84%E5%87%86%E9%95%9C-removebg-preview.png
共振二代前握把,前握把,https://hpromax.top/static/assets/ui-cutouts/%E9%85%8D%E4%BB%B6%E5%9B%BE%E7%89%87/%E5%89%8D%E6%8F%A1%E6%8A%8A/%E5%85%B1%E6%8C%AF%E4%BA%8C%E4%BB%A3%E5%89%8D%E6%8F%A1%E6%8A%8A-removebg-preview.png
共振人体工程握把,前握把,https://hpromax.top/static/assets/ui-cutouts/%E9%85%8D%E4%BB%B6%E5%9B%BE%E7%89%87/%E5%89%8D%E6%8F%A1%E6%8A%8A/%E5%85%B1%E6%8C%AF%E4%BA%BA%E4%BD%93%E5%B7%A5%E7%A8%8B%E6%8F%A1%E6%8A%8A-removebg-preview.png
共振三代握把,前握把,https://hpromax.top/static/assets/ui-cutouts/%E9%85%8D%E4%BB%B6%E5%9B%BE%E7%89%87/%E5%89%8D%E6%8F%A1%E6%8A%8A/%E5%85%B1%E6%8C%AF%E4%B8%89%E4%BB%A3%E6%8F%A1%E6%8A%8A-removebg-preview.png
幻影垂直握把,前握把,https://hpromax.top/static/assets/ui-cutouts/%E9%85%8D%E4%BB%B6%E5%9B%BE%E7%89%87/%E5%89%8D%E6%8F%A1%E6%8A%8A/%E5%B9%BB%E5%BD%B1%E5%9E%82%E7%9B%B4%E6%8F%A1%E6%8A%8A-removebg-preview.png
竞赛阻手器,前握把,https://hpromax.top/static/assets/ui-cutouts/%E9%85%8D%E4%BB%B6%E5%9B%BE%E7%89%87/%E5%89%8D%E6%8F%A1%E6%8A%8A/%E7%AB%9E%E8%B5%9B%E9%98%BB%E6%89%8B%E5%99%A8-removebg-preview.png
黎明三角手电握把,前握把,https://hpromax.top/static/assets/ui-cutouts/%E9%85%8D%E4%BB%B6%E5%9B%BE%E7%89%87/%E5%89%8D%E6%8F%A1%E6%8A%8A/%E9%BB%8E%E6%98%8E%E4%B8%89%E8%A7%92%E6%89%8B%E7%94%B5%E6%8F%A1%E6%8A%8A-removebg-preview.png
迷你阻手器,前握把,https://hpromax.top/static/assets/ui-cutouts/%E9%85%8D%E4%BB%B6%E5%9B%BE%E7%89%87/%E5%89%8D%E6%8F%A1%E6%8A%8A/%E8%BF%B7%E4%BD%A0%E9%98%BB%E6%89%8B%E5%99%A8-removebg-preview.png
密令斜角握把,前握把,https://hpromax.top/static/assets/ui-cutouts/%E9%85%8D%E4%BB%B6%E5%9B%BE%E7%89%87/%E5%89%8D%E6%8F%A1%E6%8A%8A/%E5%AF%86%E4%BB%A4%E6%96%9C%E8%A7%92%E6%8F%A1%E6%8A%8A-removebg-preview.png
破晓垂直手电握把,前握把,https://hpromax.top/static/assets/ui-cutouts/%E9%85%8D%E4%BB%B6%E5%9B%BE%E7%89%87/%E5%89%8D%E6%8F%A1%E6%8A%8A/%E7%A0%B4%E6%99%93%E5%9E%82%E7%9B%B4%E6%89%8B%E7%94%B5%E6%8F%A1%E6%8A%8A-removebg-preview.png
伸缩脚架握把,前握把,https://hpromax.top/static/assets/ui-cutouts/%E9%85%8D%E4%BB%B6%E5%9B%BE%E7%89%87/%E5%89%8D%E6%8F%A1%E6%8A%8A/%E4%BC%B8%E7%BC%A9%E8%84%9A%E6%9E%B6%E6%8F%A1%E6%8A%8A-removebg-preview.png
实用垂直握把,前握把,https://hpromax.top/static/assets/ui-cutouts/%E9%85%8D%E4%BB%B6%E5%9B%BE%E7%89%87/%E5%89%8D%E6%8F%A1%E6%8A%8A/%E5%AE%9E%E7%94%A8%E5%9E%82%E7%9B%B4%E6%8F%A1%E6%8A%8A-removebg-preview.png
相位战斗前握把,前握把,https://hpromax.top/static/assets/ui-cutouts/%E9%85%8D%E4%BB%B6%E5%9B%BE%E7%89%87/%E5%89%8D%E6%8F%A1%E6%8A%8A/%E7%9B%B8%E4%BD%8D%E6%88%98%E6%96%97%E5%89%8D%E6%8F%A1%E6%8A%8A-removebg-preview.png
斜角阻手器,前握把,https://hpromax.top/static/assets/ui-cutouts/%E9%85%8D%E4%BB%B6%E5%9B%BE%E7%89%87/%E5%89%8D%E6%8F%A1%E6%8A%8A/%E6%96%9C%E8%A7%92%E9%98%BB%E6%89%8B%E5%99%A8-removebg-preview.png
战术垂直握把,前握把,https://hpromax.top/static/assets/ui-cutouts/%E9%85%8D%E4%BB%B6%E5%9B%BE%E7%89%87/%E5%89%8D%E6%8F%A1%E6%8A%8A/%E6%88%98%E6%9C%AF%E5%9E%82%E7%9B%B4%E6%8F%A1%E6%8A%8A-removebg-preview.png
战术三角握把,前握把,https://hpromax.top/static/assets/ui-cutouts/%E9%85%8D%E4%BB%B6%E5%9B%BE%E7%89%87/%E5%89%8D%E6%8F%A1%E6%8A%8A/%E6%88%98%E6%9C%AF%E4%B8%89%E8%A7%92%E6%8F%A1%E6%8A%8A-removebg-preview.png
折叠握把,前握把,https://hpromax.top/static/assets/ui-cutouts/%E9%85%8D%E4%BB%B6%E5%9B%BE%E7%89%87/%E5%89%8D%E6%8F%A1%E6%8A%8A/%E6%8A%98%E5%8F%A0%E6%8F%A1%E6%8A%8A-removebg-preview.png
CR棱镜阻手器,前握把,https://hpromax.top/static/assets/ui-cutouts/%E9%85%8D%E4%BB%B6%E5%9B%BE%E7%89%87/%E5%89%8D%E6%8F%A1%E6%8A%8A/CR%E6%A3%B1%E9%95%9C%E9%98%BB%E6%89%8B%E5%99%A8-removebg-preview.png
EC通用前阻手,前握把,https://hpromax.top/static/assets/ui-cutouts/%E9%85%8D%E4%BB%B6%E5%9B%BE%E7%89%87/%E5%89%8D%E6%8F%A1%E6%8A%8A/EC%E9%80%9A%E7%94%A8%E5%89%8D%E9%98%BB%E6%89%8B-removebg-preview.png
K1精英斜角握把,前握把,https://hpromax.top/static/assets/ui-cutouts/%E9%85%8D%E4%BB%B6%E5%9B%BE%E7%89%87/%E5%89%8D%E6%8F%A1%E6%8A%8A/K1%E7%B2%BE%E8%8B%B1%E6%96%9C%E8%A7%92%E6%8F%A1%E6%8A%8A-removebg-preview.png
RK-0前握把,前握把,https://hpromax.top/static/assets/ui-cutouts/%E9%85%8D%E4%BB%B6%E5%9B%BE%E7%89%87/%E5%89%8D%E6%8F%A1%E6%8A%8A/RK-0%E5%89%8D%E6%8F%A1%E6%8A%8A-removebg-preview.png
VFG骑士前握把,前握把,https://hpromax.top/static/assets/ui-cutouts/%E9%85%8D%E4%BB%B6%E5%9B%BE%E7%89%87/%E5%89%8D%E6%8F%A1%E6%8A%8A/VFG%E9%AA%91%E5%A3%AB%E5%89%8D%E6%8F%A1%E6%8A%8A-removebg-preview.png
X25U斜侧战斗握把,前握把,https://hpromax.top/static/assets/ui-cutouts/%E9%85%8D%E4%BB%B6%E5%9B%BE%E7%89%87/%E5%89%8D%E6%8F%A1%E6%8A%8A/X25U%E6%96%9C%E4%BE%A7%E6%88%98%E6%96%97%E6%8F%A1%E6%8A%8A-removebg-preview.png
ZFSG战术握把,前握把,https://hpromax.top/static/assets/ui-cutouts/%E9%85%8D%E4%BB%B6%E5%9B%BE%E7%89%87/%E5%89%8D%E6%8F%A1%E6%8A%8A/ZFSG%E6%88%98%E6%9C%AF%E6%8F%A1%E6%8A%8A-removebg-preview.png
357口径左轮长枪管,枪管,https://hpromax.top/static/assets/ui-cutouts/%E9%85%8D%E4%BB%B6%E5%9B%BE%E7%89%87/%E6%9E%AA%E7%AE%A1/357%E5%8F%A3%E5%BE%84%E5%B7%A6%E8%BD%AE%E9%95%BF%E6%9E%AA%E7%AE%A1-removebg-preview.png
357左轮逐风者枪管,枪管,https://hpromax.top/static/assets/ui-cutouts/%E9%85%8D%E4%BB%B6%E5%9B%BE%E7%89%87/%E6%9E%AA%E7%AE%A1/357%E5%B7%A6%E8%BD%AE%E9%80%90%E9%A3%8E%E8%80%85%E6%9E%AA%E7%AE%A1-removebg-preview.png
357左轮逐风者长枪管,枪管,https://hpromax.top/static/assets/ui-cutouts/%E9%85%8D%E4%BB%B6%E5%9B%BE%E7%89%87/%E6%9E%AA%E7%AE%A1/357%E5%B7%A6%E8%BD%AE%E9%80%90%E9%A3%8E%E8%80%85%E9%95%BF%E6%9E%AA%E7%AE%A1-removebg-preview.png
725双管霰弹枪拦截者截短枪管,枪管,https://hpromax.top/static/assets/ui-cutouts/%E9%85%8D%E4%BB%B6%E5%9B%BE%E7%89%87/%E6%9E%AA%E7%AE%A1/725%E5%8F%8C%E7%AE%A1%E9%9C%B0%E5%BC%B9%E6%9E%AA%E6%8B%A6%E6%88%AA%E8%80%85%E6%88%AA%E7%9F%AD%E6%9E%AA%E7%AE%A1-removebg-preview.png
725双管霰弹枪鹰隼长枪管,枪管,https://hpromax.top/static/assets/ui-cutouts/%E9%85%8D%E4%BB%B6%E5%9B%BE%E7%89%87/%E6%9E%AA%E7%AE%A1/725%E5%8F%8C%E7%AE%A1%E9%9C%B0%E5%BC%B9%E6%9E%AA%E9%B9%B0%E9%9A%BC%E9%95%BF%E6%9E%AA%E7%AE%A1-removebg-preview.png
93R实用轻枪管,枪管,https://hpromax.top/static/assets/ui-cutouts/%E9%85%8D%E4%BB%B6%E5%9B%BE%E7%89%87/%E6%9E%AA%E7%AE%A1/93R%E5%AE%9E%E7%94%A8%E8%BD%BB%E6%9E%AA%E7%AE%A1-removebg-preview.png
93R实用长枪管,枪管,https://hpromax.top/static/assets/ui-cutouts/%E9%85%8D%E4%BB%B6%E5%9B%BE%E7%89%87/%E6%9E%AA%E7%AE%A1/93R%E5%AE%9E%E7%94%A8%E9%95%BF%E6%9E%AA%E7%AE%A1-removebg-preview.png
93R实用重枪管,枪管,https://hpromax.top/static/assets/ui-cutouts/%E9%85%8D%E4%BB%B6%E5%9B%BE%E7%89%87/%E6%9E%AA%E7%AE%A1/93R%E5%AE%9E%E7%94%A8%E9%87%8D%E6%9E%AA%E7%AE%A1-removebg-preview.png
93R远射超长枪管,枪管,https://hpromax.top/static/assets/ui-cutouts/%E9%85%8D%E4%BB%B6%E5%9B%BE%E7%89%87/%E6%9E%AA%E7%AE%A1/93R%E8%BF%9C%E5%B0%84%E8%B6%85%E9%95%BF%E6%9E%AA%E7%AE%A1-removebg-preview.png
93R战术枪管,枪管,https://hpromax.top/static/assets/ui-cutouts/%E9%85%8D%E4%BB%B6%E5%9B%BE%E7%89%87/%E6%9E%AA%E7%AE%A1/93R%E6%88%98%E6%9C%AF%E6%9E%AA%E7%AE%A1-removebg-preview.png
短吻鳄枪管组合,枪管,https://hpromax.top/static/assets/ui-cutouts/%E9%85%8D%E4%BB%B6%E5%9B%BE%E7%89%87/%E6%9E%AA%E7%AE%A1/%E7%9F%AD%E5%90%BB%E9%B3%84%E6%9E%AA%E7%AE%A1%E7%BB%84%E5%90%88-removebg-preview.png
杠杆式步枪猎鹿人枪管,枪管,https://hpromax.top/static/assets/ui-cutouts/%E9%85%8D%E4%BB%B6%E5%9B%BE%E7%89%87/%E6%9E%AA%E7%AE%A1/%E6%9D%A0%E6%9D%86%E5%BC%8F%E6%AD%A5%E6%9E%AA%E7%8C%8E%E9%B9%BF%E4%BA%BA%E6%9E%AA%E7%AE%A1-removebg-preview.png
杠杆式步枪拓荒者枪管,枪管,https://hpromax.top/static/assets/ui-cutouts/%E9%85%8D%E4%BB%B6%E5%9B%BE%E7%89%87/%E6%9E%AA%E7%AE%A1/%E6%9D%A0%E6%9D%86%E5%BC%8F%E6%AD%A5%E6%9E%AA%E6%8B%93%E8%8D%92%E8%80%85%E6%9E%AA%E7%AE%A1-removebg-preview.png
沙漠之鹰镂空竞赛套件,枪管,https://hpromax.top/static/assets/ui-cutouts/%E9%85%8D%E4%BB%B6%E5%9B%BE%E7%89%87/%E6%9E%AA%E7%AE%A1/%E6%B2%99%E6%BC%A0%E4%B9%8B%E9%B9%B0%E9%95%82%E7%A9%BA%E7%AB%9E%E8%B5%9B%E5%A5%97%E4%BB%B6-removebg-preview.png
沙鹰竞技枪管,枪管,https://hpromax.top/static/assets/ui-cutouts/%E9%85%8D%E4%BB%B6%E5%9B%BE%E7%89%87/%E6%9E%AA%E7%AE%A1/%E6%B2%99%E9%B9%B0%E7%AB%9E%E6%8A%80%E6%9E%AA%E7%AE%A1-removebg-preview.png
沙鹰膛线长枪管,枪管,https://hpromax.top/static/assets/ui-cutouts/%E9%85%8D%E4%BB%B6%E5%9B%BE%E7%89%87/%E6%9E%AA%E7%AE%A1/%E6%B2%99%E9%B9%B0%E8%86%9B%E7%BA%BF%E9%95%BF%E6%9E%AA%E7%AE%A1-removebg-preview.png
新式蛟龙战术长枪管,枪管,https://hpromax.top/static/assets/ui-cutouts/%E9%85%8D%E4%BB%B6%E5%9B%BE%E7%89%87/%E6%9E%AA%E7%AE%A1/%E6%96%B0%E5%BC%8F%E8%9B%9F%E9%BE%99%E6%88%98%E6%9C%AF%E9%95%BF%E6%9E%AA%E7%AE%A1-removebg-preview.png
新式雪豹短枪管,枪管,https://hpromax.top/static/assets/ui-cutouts/%E9%85%8D%E4%BB%B6%E5%9B%BE%E7%89%87/%E6%9E%AA%E7%AE%A1/%E6%96%B0%E5%BC%8F%E9%9B%AA%E8%B1%B9%E7%9F%AD%E6%9E%AA%E7%AE%A1-removebg-preview.png
野牛打击者标准枪管,枪管,https://hpromax.top/static/assets/ui-cutouts/%E9%85%8D%E4%BB%B6%E5%9B%BE%E7%89%87/%E6%9E%AA%E7%AE%A1/%E9%87%8E%E7%89%9B%E6%89%93%E5%87%BB%E8%80%85%E6%A0%87%E5%87%86%E6%9E%AA%E7%AE%A1-removebg-preview.png
野牛刀锋超长枪管,枪管,https://hpromax.top/static/assets/ui-cutouts/%E9%85%8D%E4%BB%B6%E5%9B%BE%E7%89%87/%E6%9E%AA%E7%AE%A1/%E9%87%8E%E7%89%9B%E5%88%80%E9%94%8B%E8%B6%85%E9%95%BF%E6%9E%AA%E7%AE%A1-removebg-preview.png
野牛伞兵短枪管,枪管,https://hpromax.top/static/assets/ui-cutouts/%E9%85%8D%E4%BB%B6%E5%9B%BE%E7%89%87/%E6%9E%AA%E7%AE%A1/%E9%87%8E%E7%89%9B%E4%BC%9E%E5%85%B5%E7%9F%AD%E6%9E%AA%E7%AE%A1-removebg-preview.png
夜莺一体消音组合,枪管,https://hpromax.top/static/assets/ui-cutouts/%E9%85%8D%E4%BB%B6%E5%9B%BE%E7%89%87/%E6%9E%AA%E7%AE%A1/%E5%A4%9C%E8%8E%BA%E4%B8%80%E4%BD%93%E6%B6%88%E9%9F%B3%E7%BB%84%E5%90%88-removebg-preview.png
勇士海狸枪管,枪管,https://hpromax.top/static/assets/ui-cutouts/%E9%85%8D%E4%BB%B6%E5%9B%BE%E7%89%87/%E6%9E%AA%E7%AE%A1/%E5%8B%87%E5%A3%AB%E6%B5%B7%E7%8B%B8%E6%9E%AA%E7%AE%A1-removebg-preview.png
勇士战术枪管,枪管,https://hpromax.top/static/assets/ui-cutouts/%E9%85%8D%E4%BB%B6%E5%9B%BE%E7%89%87/%E6%9E%AA%E7%AE%A1/%E5%8B%87%E5%A3%AB%E6%88%98%E6%9C%AF%E6%9E%AA%E7%AE%A1-removebg-preview.png
左轮实用短管,枪管,https://hpromax.top/static/assets/ui-cutouts/%E9%85%8D%E4%BB%B6%E5%9B%BE%E7%89%87/%E6%9E%AA%E7%AE%A1/%E5%B7%A6%E8%BD%AE%E5%AE%9E%E7%94%A8%E7%9F%AD%E7%AE%A1-removebg-preview.png
左轮实用长管,枪管,https://hpromax.top/static/assets/ui-cutouts/%E9%85%8D%E4%BB%B6%E5%9B%BE%E7%89%87/%E6%9E%AA%E7%AE%A1/%E5%B7%A6%E8%BD%AE%E5%AE%9E%E7%94%A8%E9%95%BF%E7%AE%A1-removebg-preview.png
AK12精英脚架长枪管,枪管,https://hpromax.top/static/assets/ui-cutouts/%E9%85%8D%E4%BB%B6%E5%9B%BE%E7%89%87/%E6%9E%AA%E7%AE%A1/AK12%E7%B2%BE%E8%8B%B1%E8%84%9A%E6%9E%B6%E9%95%BF%E6%9E%AA%E7%AE%A1-removebg-preview.png
AK12前线长枪管,枪管,https://hpromax.top/static/assets/ui-cutouts/%E9%85%8D%E4%BB%B6%E5%9B%BE%E7%89%87/%E6%9E%AA%E7%AE%A1/AK12%E5%89%8D%E7%BA%BF%E9%95%BF%E6%9E%AA%E7%AE%A1-removebg-preview.png
AKM超然长枪管组合,枪管,https://hpromax.top/static/assets/ui-cutouts/%E9%85%8D%E4%BB%B6%E5%9B%BE%E7%89%87/%E6%9E%AA%E7%AE%A1/AKM%E8%B6%85%E7%84%B6%E9%95%BF%E6%9E%AA%E7%AE%A1%E7%BB%84%E5%90%88-removebg-preview.png
AKM海狸枪管组合,枪管,https://hpromax.top/static/assets/ui-cutouts/%E9%85%8D%E4%BB%B6%E5%9B%BE%E7%89%87/%E6%9E%AA%E7%AE%A1/AKM%E6%B5%B7%E7%8B%B8%E6%9E%AA%E7%AE%A1%E7%BB%84%E5%90%88-removebg-preview.png
AKM海狸长枪管组合,枪管,https://hpromax.top/static/assets/ui-cutouts/%E9%85%8D%E4%BB%B6%E5%9B%BE%E7%89%87/%E6%9E%AA%E7%AE%A1/AKM%E6%B5%B7%E7%8B%B8%E9%95%BF%E6%9E%AA%E7%AE%A1%E7%BB%84%E5%90%88-removebg-preview.png
AKM实用标准枪管组合,枪管,https://hpromax.top/static/assets/ui-cutouts/%E9%85%8D%E4%BB%B6%E5%9B%BE%E7%89%87/%E6%9E%AA%E7%AE%A1/AKM%E5%AE%9E%E7%94%A8%E6%A0%87%E5%87%86%E6%9E%AA%E7%AE%A1%E7%BB%84%E5%90%88-removebg-preview.png
AKM实用长枪管组合,枪管,https://hpromax.top/static/assets/ui-cutouts/%E9%85%8D%E4%BB%B6%E5%9B%BE%E7%89%87/%E6%9E%AA%E7%AE%A1/AKM%E5%AE%9E%E7%94%A8%E9%95%BF%E6%9E%AA%E7%AE%A1%E7%BB%84%E5%90%88-removebg-preview.png
AKM性能枪管组合,枪管,https://hpromax.top/static/assets/ui-cutouts/%E9%85%8D%E4%BB%B6%E5%9B%BE%E7%89%87/%E6%9E%AA%E7%AE%A1/AKM%E6%80%A7%E8%83%BD%E6%9E%AA%E7%AE%A1%E7%BB%84%E5%90%88-removebg-preview.png
AR57激流超长枪管,枪管,https://hpromax.top/static/assets/ui-cutouts/%E9%85%8D%E4%BB%B6%E5%9B%BE%E7%89%87/%E6%9E%AA%E7%AE%A1/AR57%E6%BF%80%E6%B5%81%E8%B6%85%E9%95%BF%E6%9E%AA%E7%AE%A1-removebg-preview.png
AR标准枪管组合,枪管,https://hpromax.top/static/assets/ui-cutouts/%E9%85%8D%E4%BB%B6%E5%9B%BE%E7%89%87/%E6%9E%AA%E7%AE%A1/AR%E6%A0%87%E5%87%86%E6%9E%AA%E7%AE%A1%E7%BB%84%E5%90%88-removebg-preview.png
AR加百列长枪管组合,枪管,https://hpromax.top/static/assets/ui-cutouts/%E9%85%8D%E4%BB%B6%E5%9B%BE%E7%89%87/%E6%9E%AA%E7%AE%A1/AR%E5%8A%A0%E7%99%BE%E5%88%97%E9%95%BF%E6%9E%AA%E7%AE%A1%E7%BB%84%E5%90%88-removebg-preview.png
AR碳纤维枪管组合,枪管,https://hpromax.top/static/assets/ui-cutouts/%E9%85%8D%E4%BB%B6%E5%9B%BE%E7%89%87/%E6%9E%AA%E7%AE%A1/AR%E7%A2%B3%E7%BA%A4%E7%BB%B4%E6%9E%AA%E7%AE%A1%E7%BB%84%E5%90%88-removebg-preview.png
AR特攻短枪管组合,枪管,https://hpromax.top/static/assets/ui-cutouts/%E9%85%8D%E4%BB%B6%E5%9B%BE%E7%89%87/%E6%9E%AA%E7%AE%A1/AR%E7%89%B9%E6%94%BB%E7%9F%AD%E6%9E%AA%E7%AE%A1%E7%BB%84%E5%90%88-removebg-preview.png
AR特勤一体消音组合,枪管,https://hpromax.top/static/assets/ui-cutouts/%E9%85%8D%E4%BB%B6%E5%9B%BE%E7%89%87/%E6%9E%AA%E7%AE%A1/AR%E7%89%B9%E5%8B%A4%E4%B8%80%E4%BD%93%E6%B6%88%E9%9F%B3%E7%BB%84%E5%90%88-removebg-preview.png
AR战壕标准枪管组合,枪管,https://hpromax.top/static/assets/ui-cutouts/%E9%85%8D%E4%BB%B6%E5%9B%BE%E7%89%87/%E6%9E%AA%E7%AE%A1/AR%E6%88%98%E5%A3%95%E6%A0%87%E5%87%86%E6%9E%AA%E7%AE%A1%E7%BB%84%E5%90%88-removebg-preview.png
ASh-12歼灭高精长枪管,枪管,https://hpromax.top/static/assets/ui-cutouts/%E9%85%8D%E4%BB%B6%E5%9B%BE%E7%89%87/%E6%9E%AA%E7%AE%A1/ASh-12%E6%AD%BC%E7%81%AD%E9%AB%98%E7%B2%BE%E9%95%BF%E6%9E%AA%E7%AE%A1-removebg-preview.png
ASh-12战斧重型枪管,枪管,https://hpromax.top/static/assets/ui-cutouts/%E9%85%8D%E4%BB%B6%E5%9B%BE%E7%89%87/%E6%9E%AA%E7%AE%A1/ASh-12%E6%88%98%E6%96%A7%E9%87%8D%E5%9E%8B%E6%9E%AA%E7%AE%A1-removebg-preview.png
ASh-12CQB短枪管,枪管,https://hpromax.top/static/assets/ui-cutouts/%E9%85%8D%E4%BB%B6%E5%9B%BE%E7%89%87/%E6%9E%AA%E7%AE%A1/ASh-12CQB%E7%9F%AD%E6%9E%AA%E7%AE%A1-removebg-preview.png
ASVal刺客高级枪管,枪管,https://hpromax.top/static/assets/ui-cutouts/%E9%85%8D%E4%BB%B6%E5%9B%BE%E7%89%87/%E6%9E%AA%E7%AE%A1/ASVal%E5%88%BA%E5%AE%A2%E9%AB%98%E7%BA%A7%E6%9E%AA%E7%AE%A1-removebg-preview.png
AUG晨零一体消音管,枪管,https://hpromax.top/static/assets/ui-cutouts/%E9%85%8D%E4%BB%B6%E5%9B%BE%E7%89%87/%E6%9E%AA%E7%AE%A1/AUG%E6%99%A8%E9%9B%B6%E4%B8%80%E4%BD%93%E6%B6%88%E9%9F%B3%E7%AE%A1-removebg-preview.png
AUG尖兵标准枪管,枪管,https://hpromax.top/static/assets/ui-cutouts/%E9%85%8D%E4%BB%B6%E5%9B%BE%E7%89%87/%E6%9E%AA%E7%AE%A1/AUG%E5%B0%96%E5%85%B5%E6%A0%87%E5%87%86%E6%9E%AA%E7%AE%A1-removebg-preview.png
AUG精英脚架长枪管,枪管,https://hpromax.top/static/assets/ui-cutouts/%E9%85%8D%E4%BB%B6%E5%9B%BE%E7%89%87/%E6%9E%AA%E7%AE%A1/AUG%E7%B2%BE%E8%8B%B1%E8%84%9A%E6%9E%B6%E9%95%BF%E6%9E%AA%E7%AE%A1-removebg-preview.png
AUG实用集成三倍镜枪管,枪管,https://hpromax.top/static/assets/ui-cutouts/%E9%85%8D%E4%BB%B6%E5%9B%BE%E7%89%87/%E6%9E%AA%E7%AE%A1/AUG%E5%AE%9E%E7%94%A8%E9%9B%86%E6%88%90%E4%B8%89%E5%80%8D%E9%95%9C%E6%9E%AA%E7%AE%A1-removebg-preview.png
AWM天际线长枪管,枪管,https://hpromax.top/static/assets/ui-cutouts/%E9%85%8D%E4%BB%B6%E5%9B%BE%E7%89%87/%E6%9E%AA%E7%AE%A1/AWM%E5%A4%A9%E9%99%85%E7%BA%BF%E9%95%BF%E6%9E%AA%E7%AE%A1-removebg-preview.png
FS-12剑冢长枪管,枪管,https://hpromax.top/static/assets/ui-cutouts/%E9%85%8D%E4%BB%B6%E5%9B%BE%E7%89%87/%E6%9E%AA%E7%AE%A1/FS-12%E5%89%91%E5%86%A2%E9%95%BF%E6%9E%AA%E7%AE%A1-removebg-preview.png
G17轻量化枪管,枪管,https://hpromax.top/static/assets/ui-cutouts/%E9%85%8D%E4%BB%B6%E5%9B%BE%E7%89%87/%E6%9E%AA%E7%AE%A1/G17%E8%BD%BB%E9%87%8F%E5%8C%96%E6%9E%AA%E7%AE%A1-removebg-preview.png
G17战术重枪管,枪管,https://hpromax.top/static/assets/ui-cutouts/%E9%85%8D%E4%BB%B6%E5%9B%BE%E7%89%87/%E6%9E%AA%E7%AE%A1/G17%E6%88%98%E6%9C%AF%E9%87%8D%E6%9E%AA%E7%AE%A1-removebg-preview.png
G18冲击长枪管,枪管,https://hpromax.top/static/assets/ui-cutouts/%E9%85%8D%E4%BB%B6%E5%9B%BE%E7%89%87/%E6%9E%AA%E7%AE%A1/G18%E5%86%B2%E5%87%BB%E9%95%BF%E6%9E%AA%E7%AE%A1-removebg-preview.png
G3加强长枪管组合,枪管,https://hpromax.top/static/assets/ui-cutouts/%E9%85%8D%E4%BB%B6%E5%9B%BE%E7%89%87/%E6%9E%AA%E7%AE%A1/G3%E5%8A%A0%E5%BC%BA%E9%95%BF%E6%9E%AA%E7%AE%A1%E7%BB%84%E5%90%88-removebg-preview.png
G3飓风短枪管组合,枪管,https://hpromax.top/static/assets/ui-cutouts/%E9%85%8D%E4%BB%B6%E5%9B%BE%E7%89%87/%E6%9E%AA%E7%AE%A1/G3%E9%A3%93%E9%A3%8E%E7%9F%AD%E6%9E%AA%E7%AE%A1%E7%BB%84%E5%90%88-removebg-preview.png
G3平台神射枪管组合,枪管,https://hpromax.top/static/assets/ui-cutouts/%E9%85%8D%E4%BB%B6%E5%9B%BE%E7%89%87/%E6%9E%AA%E7%AE%A1/G3%E5%B9%B3%E5%8F%B0%E7%A5%9E%E5%B0%84%E6%9E%AA%E7%AE%A1%E7%BB%84%E5%90%88-removebg-preview.png
G3守卫标准枪管组合,枪管,https://hpromax.top/static/assets/ui-cutouts/%E9%85%8D%E4%BB%B6%E5%9B%BE%E7%89%87/%E6%9E%AA%E7%AE%A1/G3%E5%AE%88%E5%8D%AB%E6%A0%87%E5%87%86%E6%9E%AA%E7%AE%A1%E7%BB%84%E5%90%88-removebg-preview.png
HVK格斗套件,枪管,https://hpromax.top/static/assets/ui-cutouts/%E9%85%8D%E4%BB%B6%E5%9B%BE%E7%89%87/%E6%9E%AA%E7%AE%A1/HVK%E6%A0%BC%E6%96%97%E5%A5%97%E4%BB%B6-removebg-preview.png
HVK链锯套件,枪管,https://hpromax.top/static/assets/ui-cutouts/%E9%85%8D%E4%BB%B6%E5%9B%BE%E7%89%87/%E6%9E%AA%E7%AE%A1/HVK%E9%93%BE%E9%94%AF%E5%A5%97%E4%BB%B6-removebg-preview.png
HVK双发套件,枪管,https://hpromax.top/static/assets/ui-cutouts/%E9%85%8D%E4%BB%B6%E5%9B%BE%E7%89%87/%E6%9E%AA%E7%AE%A1/HVK%E5%8F%8C%E5%8F%91%E5%A5%97%E4%BB%B6-removebg-preview.png
K416精英重枪管组合,枪管,https://hpromax.top/static/assets/ui-cutouts/%E9%85%8D%E4%BB%B6%E5%9B%BE%E7%89%87/%E6%9E%AA%E7%AE%A1/K416%E7%B2%BE%E8%8B%B1%E9%87%8D%E6%9E%AA%E7%AE%A1%E7%BB%84%E5%90%88-removebg-preview.png
K416特勤短枪管组合,枪管,https://hpromax.top/static/assets/ui-cutouts/%E9%85%8D%E4%BB%B6%E5%9B%BE%E7%89%87/%E6%9E%AA%E7%AE%A1/K416%E7%89%B9%E5%8B%A4%E7%9F%AD%E6%9E%AA%E7%AE%A1%E7%BB%84%E5%90%88-removebg-preview.png
K416A8枪管组合,枪管,https://hpromax.top/static/assets/ui-cutouts/%E9%85%8D%E4%BB%B6%E5%9B%BE%E7%89%87/%E6%9E%AA%E7%AE%A1/K416A8%E6%9E%AA%E7%AE%A1%E7%BB%84%E5%90%88-removebg-preview.png
K416A8长枪管组合,枪管,https://hpromax.top/static/assets/ui-cutouts/%E9%85%8D%E4%BB%B6%E5%9B%BE%E7%89%87/%E6%9E%AA%E7%AE%A1/K416A8%E9%95%BF%E6%9E%AA%E7%AE%A1%E7%BB%84%E5%90%88-removebg-preview.png
K437断刃短枪管组合,枪管,https://hpromax.top/static/assets/ui-cutouts/%E9%85%8D%E4%BB%B6%E5%9B%BE%E7%89%87/%E6%9E%AA%E7%AE%A1/K437%E6%96%AD%E5%88%83%E7%9F%AD%E6%9E%AA%E7%AE%A1%E7%BB%84%E5%90%88-removebg-preview.png
K437特攻一体消音枪管,枪管,https://hpromax.top/static/assets/ui-cutouts/%E9%85%8D%E4%BB%B6%E5%9B%BE%E7%89%87/%E6%9E%AA%E7%AE%A1/K437%E7%89%B9%E6%94%BB%E4%B8%80%E4%BD%93%E6%B6%88%E9%9F%B3%E6%9E%AA%E7%AE%A1-removebg-preview.png
K437长矛手长枪管组合,枪管,https://hpromax.top/static/assets/ui-cutouts/%E9%85%8D%E4%BB%B6%E5%9B%BE%E7%89%87/%E6%9E%AA%E7%AE%A1/K437%E9%95%BF%E7%9F%9B%E6%89%8B%E9%95%BF%E6%9E%AA%E7%AE%A1%E7%BB%84%E5%90%88-removebg-preview.png
KC17短刃枪管,枪管,https://hpromax.top/static/assets/ui-cutouts/%E9%85%8D%E4%BB%B6%E5%9B%BE%E7%89%87/%E6%9E%AA%E7%AE%A1/KC17%E7%9F%AD%E5%88%83%E6%9E%AA%E7%AE%A1-removebg-preview.png
KC17影舞者消音,枪管,https://hpromax.top/static/assets/ui-cutouts/%E9%85%8D%E4%BB%B6%E5%9B%BE%E7%89%87/%E6%9E%AA%E7%AE%A1/KC17%E5%BD%B1%E8%88%9E%E8%80%85%E6%B6%88%E9%9F%B3-removebg-preview.png
KC17长剑枪管,枪管,https://hpromax.top/static/assets/ui-cutouts/%E9%85%8D%E4%BB%B6%E5%9B%BE%E7%89%87/%E6%9E%AA%E7%AE%A1/KC17%E9%95%BF%E5%89%91%E6%9E%AA%E7%AE%A1-removebg-preview.png
M1014断点枪管,枪管,https://hpromax.top/static/assets/ui-cutouts/%E9%85%8D%E4%BB%B6%E5%9B%BE%E7%89%87/%E6%9E%AA%E7%AE%A1/M1014%E6%96%AD%E7%82%B9%E6%9E%AA%E7%AE%A1-removebg-preview.png
M14洞察超长枪管,枪管,https://hpromax.top/static/assets/ui-cutouts/%E9%85%8D%E4%BB%B6%E5%9B%BE%E7%89%87/%E6%9E%AA%E7%AE%A1/M14%E6%B4%9E%E5%AF%9F%E8%B6%85%E9%95%BF%E6%9E%AA%E7%AE%A1-removebg-preview.png
M14漫游标准枪管,枪管,https://hpromax.top/static/assets/ui-cutouts/%E9%85%8D%E4%BB%B6%E5%9B%BE%E7%89%87/%E6%9E%AA%E7%AE%A1/M14%E6%BC%AB%E6%B8%B8%E6%A0%87%E5%87%86%E6%9E%AA%E7%AE%A1-removebg-preview.png
M14轻语短枪管,枪管,https://hpromax.top/static/assets/ui-cutouts/%E9%85%8D%E4%BB%B6%E5%9B%BE%E7%89%87/%E6%9E%AA%E7%AE%A1/M14%E8%BD%BB%E8%AF%AD%E7%9F%AD%E6%9E%AA%E7%AE%A1-removebg-preview.png
M1911夜鹰战术枪管,枪管,https://hpromax.top/static/assets/ui-cutouts/%E9%85%8D%E4%BB%B6%E5%9B%BE%E7%89%87/%E6%9E%AA%E7%AE%A1/M1911%E5%A4%9C%E9%B9%B0%E6%88%98%E6%9C%AF%E6%9E%AA%E7%AE%A1-removebg-preview.png
M249海湾短枪管,枪管,https://hpromax.top/static/assets/ui-cutouts/%E9%85%8D%E4%BB%B6%E5%9B%BE%E7%89%87/%E6%9E%AA%E7%AE%A1/M249%E6%B5%B7%E6%B9%BE%E7%9F%AD%E6%9E%AA%E7%AE%A1-removebg-preview.png
M249犀牛长枪管,枪管,https://hpromax.top/static/assets/ui-cutouts/%E9%85%8D%E4%BB%B6%E5%9B%BE%E7%89%87/%E6%9E%AA%E7%AE%A1/M249%E7%8A%80%E7%89%9B%E9%95%BF%E6%9E%AA%E7%AE%A1-removebg-preview.png
M250侍卫短枪管,枪管,https://hpromax.top/static/assets/ui-cutouts/%E9%85%8D%E4%BB%B6%E5%9B%BE%E7%89%87/%E6%9E%AA%E7%AE%A1/M250%E4%BE%8D%E5%8D%AB%E7%9F%AD%E6%9E%AA%E7%AE%A1-removebg-preview.png
M250钛金长枪管,枪管,https://hpromax.top/static/assets/ui-cutouts/%E9%85%8D%E4%BB%B6%E5%9B%BE%E7%89%87/%E6%9E%AA%E7%AE%A1/M250%E9%92%9B%E9%87%91%E9%95%BF%E6%9E%AA%E7%AE%A1-removebg-preview.png
M700猎食军规枪管,枪管,https://hpromax.top/static/assets/ui-cutouts/%E9%85%8D%E4%BB%B6%E5%9B%BE%E7%89%87/%E6%9E%AA%E7%AE%A1/M700%E7%8C%8E%E9%A3%9F%E5%86%9B%E8%A7%84%E6%9E%AA%E7%AE%A1-removebg-preview.png
M700平流层长枪管,枪管,https://hpromax.top/static/assets/ui-cutouts/%E9%85%8D%E4%BB%B6%E5%9B%BE%E7%89%87/%E6%9E%AA%E7%AE%A1/M700%E5%B9%B3%E6%B5%81%E5%B1%82%E9%95%BF%E6%9E%AA%E7%AE%A1-removebg-preview.png
M700一体消音管,枪管,https://hpromax.top/static/assets/ui-cutouts/%E9%85%8D%E4%BB%B6%E5%9B%BE%E7%89%87/%E6%9E%AA%E7%AE%A1/M700%E4%B8%80%E4%BD%93%E6%B6%88%E9%9F%B3%E7%AE%A1-removebg-preview.png
M7堤风超长枪管组合,枪管,https://hpromax.top/static/assets/ui-cutouts/%E9%85%8D%E4%BB%B6%E5%9B%BE%E7%89%87/%E6%9E%AA%E7%AE%A1/M7%E5%A0%A4%E9%A3%8E%E8%B6%85%E9%95%BF%E6%9E%AA%E7%AE%A1%E7%BB%84%E5%90%88-removebg-preview.png
M7灵蜥短枪管,枪管,https://hpromax.top/static/assets/ui-cutouts/%E9%85%8D%E4%BB%B6%E5%9B%BE%E7%89%87/%E6%9E%AA%E7%AE%A1/M7%E7%81%B5%E8%9C%A5%E7%9F%AD%E6%9E%AA%E7%AE%A1-removebg-preview.png
M7实用长枪管组合,枪管,https://hpromax.top/static/assets/ui-cutouts/%E9%85%8D%E4%BB%B6%E5%9B%BE%E7%89%87/%E6%9E%AA%E7%AE%A1/M7%E5%AE%9E%E7%94%A8%E9%95%BF%E6%9E%AA%E7%AE%A1%E7%BB%84%E5%90%88-removebg-preview.png
M870扩容枪管,枪管,https://hpromax.top/static/assets/ui-cutouts/%E9%85%8D%E4%BB%B6%E5%9B%BE%E7%89%87/%E6%9E%AA%E7%AE%A1/M870%E6%89%A9%E5%AE%B9%E6%9E%AA%E7%AE%A1-removebg-preview.png
MCXLT猎手枪管,枪管,https://hpromax.top/static/assets/ui-cutouts/%E9%85%8D%E4%BB%B6%E5%9B%BE%E7%89%87/%E6%9E%AA%E7%AE%A1/MCXLT%E7%8C%8E%E6%89%8B%E6%9E%AA%E7%AE%A1-removebg-preview.png
MCXLT焰魂枪管,枪管,https://hpromax.top/static/assets/ui-cutouts/%E9%85%8D%E4%BB%B6%E5%9B%BE%E7%89%87/%E6%9E%AA%E7%AE%A1/MCXLT%E7%84%B0%E9%AD%82%E6%9E%AA%E7%AE%A1-removebg-preview.png
Mini-14增强枪管,枪管,https://hpromax.top/static/assets/ui-cutouts/%E9%85%8D%E4%BB%B6%E5%9B%BE%E7%89%87/%E6%9E%AA%E7%AE%A1/Mini-14%E5%A2%9E%E5%BC%BA%E6%9E%AA%E7%AE%A1-removebg-preview.png
MK47鏖战枪管,枪管,https://hpromax.top/static/assets/ui-cutouts/%E9%85%8D%E4%BB%B6%E5%9B%BE%E7%89%87/%E6%9E%AA%E7%AE%A1/MK47%E9%8F%96%E6%88%98%E6%9E%AA%E7%AE%A1-removebg-preview.png
MK47余烬枪管,枪管,https://hpromax.top/static/assets/ui-cutouts/%E9%85%8D%E4%BB%B6%E5%9B%BE%E7%89%87/%E6%9E%AA%E7%AE%A1/MK47%E4%BD%99%E7%83%AC%E6%9E%AA%E7%AE%A1-removebg-preview.png
MK4击剑手枪管,枪管,https://hpromax.top/static/assets/ui-cutouts/%E9%85%8D%E4%BB%B6%E5%9B%BE%E7%89%87/%E6%9E%AA%E7%AE%A1/MK4%E5%87%BB%E5%89%91%E6%89%8B%E6%9E%AA%E7%AE%A1-removebg-preview.png
MK4深空镀铬枪管,枪管,https://hpromax.top/static/assets/ui-cutouts/%E9%85%8D%E4%BB%B6%E5%9B%BE%E7%89%87/%E6%9E%AA%E7%AE%A1/MK4%E6%B7%B1%E7%A9%BA%E9%95%80%E9%93%AC%E6%9E%AA%E7%AE%A1-removebg-preview.png
MP5斥候长枪管组合,枪管,https://hpromax.top/static/assets/ui-cutouts/%E9%85%8D%E4%BB%B6%E5%9B%BE%E7%89%87/%E6%9E%AA%E7%AE%A1/MP5%E6%96%A5%E5%80%99%E9%95%BF%E6%9E%AA%E7%AE%A1%E7%BB%84%E5%90%88-removebg-preview.png
MP5性能枪管组合,枪管,https://hpromax.top/static/assets/ui-cutouts/%E9%85%8D%E4%BB%B6%E5%9B%BE%E7%89%87/%E6%9E%AA%E7%AE%A1/MP5%E6%80%A7%E8%83%BD%E6%9E%AA%E7%AE%A1%E7%BB%84%E5%90%88-removebg-preview.png
MP5隐蔽短枪管组合,枪管,https://hpromax.top/static/assets/ui-cutouts/%E9%85%8D%E4%BB%B6%E5%9B%BE%E7%89%87/%E6%9E%AA%E7%AE%A1/MP5%E9%9A%90%E8%94%BD%E7%9F%AD%E6%9E%AA%E7%AE%A1%E7%BB%84%E5%90%88-removebg-preview.png
MP5战术枪管组合,枪管,https://hpromax.top/static/assets/ui-cutouts/%E9%85%8D%E4%BB%B6%E5%9B%BE%E7%89%87/%E6%9E%AA%E7%AE%A1/MP5%E6%88%98%E6%9C%AF%E6%9E%AA%E7%AE%A1%E7%BB%84%E5%90%88-removebg-preview.png
MP5SD特勤一体消音枪管,枪管,https://hpromax.top/static/assets/ui-cutouts/%E9%85%8D%E4%BB%B6%E5%9B%BE%E7%89%87/%E6%9E%AA%E7%AE%A1/MP5SD%E7%89%B9%E5%8B%A4%E4%B8%80%E4%BD%93%E6%B6%88%E9%9F%B3%E6%9E%AA%E7%AE%A1-removebg-preview.png
MP7蜂刺长枪管组合,枪管,https://hpromax.top/static/assets/ui-cutouts/%E9%85%8D%E4%BB%B6%E5%9B%BE%E7%89%87/%E6%9E%AA%E7%AE%A1/MP7%E8%9C%82%E5%88%BA%E9%95%BF%E6%9E%AA%E7%AE%A1%E7%BB%84%E5%90%88-removebg-preview.png
MP7狼牙轻枪管,枪管,https://hpromax.top/static/assets/ui-cutouts/%E9%85%8D%E4%BB%B6%E5%9B%BE%E7%89%87/%E6%9E%AA%E7%AE%A1/MP7%E7%8B%BC%E7%89%99%E8%BD%BB%E6%9E%AA%E7%AE%A1-removebg-preview.png
MP7月影镀铬枪管,枪管,https://hpromax.top/static/assets/ui-cutouts/%E9%85%8D%E4%BB%B6%E5%9B%BE%E7%89%87/%E6%9E%AA%E7%AE%A1/MP7%E6%9C%88%E5%BD%B1%E9%95%80%E9%93%AC%E6%9E%AA%E7%AE%A1-removebg-preview.png
MP7增强枪管组合,枪管,https://hpromax.top/static/assets/ui-cutouts/%E9%85%8D%E4%BB%B6%E5%9B%BE%E7%89%87/%E6%9E%AA%E7%AE%A1/MP7%E5%A2%9E%E5%BC%BA%E6%9E%AA%E7%AE%A1%E7%BB%84%E5%90%88-removebg-preview.png
P90猎豹重枪管,枪管,https://hpromax.top/static/assets/ui-cutouts/%E9%85%8D%E4%BB%B6%E5%9B%BE%E7%89%87/%E6%9E%AA%E7%AE%A1/P90%E7%8C%8E%E8%B1%B9%E9%87%8D%E6%9E%AA%E7%AE%A1-removebg-preview.png
P90长弓精钢枪管,枪管,https://hpromax.top/static/assets/ui-cutouts/%E9%85%8D%E4%BB%B6%E5%9B%BE%E7%89%87/%E6%9E%AA%E7%AE%A1/P90%E9%95%BF%E5%BC%93%E7%B2%BE%E9%92%A2%E6%9E%AA%E7%AE%A1-removebg-preview.png
P90重攻长枪管,枪管,https://hpromax.top/static/assets/ui-cutouts/%E9%85%8D%E4%BB%B6%E5%9B%BE%E7%89%87/%E6%9E%AA%E7%AE%A1/P90%E9%87%8D%E6%94%BB%E9%95%BF%E6%9E%AA%E7%AE%A1-removebg-preview.png
PKM地平线重枪管,枪管,https://hpromax.top/static/assets/ui-cutouts/%E9%85%8D%E4%BB%B6%E5%9B%BE%E7%89%87/%E6%9E%AA%E7%AE%A1/PKM%E5%9C%B0%E5%B9%B3%E7%BA%BF%E9%87%8D%E6%9E%AA%E7%AE%A1-removebg-preview.png
PKM壕战短枪管,枪管,https://hpromax.top/static/assets/ui-cutouts/%E9%85%8D%E4%BB%B6%E5%9B%BE%E7%89%87/%E6%9E%AA%E7%AE%A1/PKM%E5%A3%95%E6%88%98%E7%9F%AD%E6%9E%AA%E7%AE%A1-removebg-preview.png
QBZ95-1实用短枪管,枪管,https://hpromax.top/static/assets/ui-cutouts/%E9%85%8D%E4%BB%B6%E5%9B%BE%E7%89%87/%E6%9E%AA%E7%AE%A1/QBZ95-1%E5%AE%9E%E7%94%A8%E7%9F%AD%E6%9E%AA%E7%AE%A1-removebg-preview.png
QBZ95-1长弓枪管组合,枪管,https://hpromax.top/static/assets/ui-cutouts/%E9%85%8D%E4%BB%B6%E5%9B%BE%E7%89%87/%E6%9E%AA%E7%AE%A1/QBZ95-1%E9%95%BF%E5%BC%93%E6%9E%AA%E7%AE%A1%E7%BB%84%E5%90%88-removebg-preview.png
QBZ95战术枪管,枪管,https://hpromax.top/static/assets/ui-cutouts/%E9%85%8D%E4%BB%B6%E5%9B%BE%E7%89%87/%E6%9E%AA%E7%AE%A1/QBZ95%E6%88%98%E6%9C%AF%E6%9E%AA%E7%AE%A1-removebg-preview.png
QCQ171新式红缨战术长枪管,枪管,https://hpromax.top/static/assets/ui-cutouts/%E9%85%8D%E4%BB%B6%E5%9B%BE%E7%89%87/%E6%9E%AA%E7%AE%A1/QCQ171%E6%96%B0%E5%BC%8F%E7%BA%A2%E7%BC%A8%E6%88%98%E6%9C%AF%E9%95%BF%E6%9E%AA%E7%AE%A1-removebg-preview.png
QCQ171新式狡兔短枪管组合,枪管,https://hpromax.top/static/assets/ui-cutouts/%E9%85%8D%E4%BB%B6%E5%9B%BE%E7%89%87/%E6%9E%AA%E7%AE%A1/QCQ171%E6%96%B0%E5%BC%8F%E7%8B%A1%E5%85%94%E7%9F%AD%E6%9E%AA%E7%AE%A1%E7%BB%84%E5%90%88-removebg-preview.png
QCQ171新式渗透一体消音枪管,枪管,https://hpromax.top/static/assets/ui-cutouts/%E9%85%8D%E4%BB%B6%E5%9B%BE%E7%89%87/%E6%9E%AA%E7%AE%A1/QCQ171%E6%96%B0%E5%BC%8F%E6%B8%97%E9%80%8F%E4%B8%80%E4%BD%93%E6%B6%88%E9%9F%B3%E6%9E%AA%E7%AE%A1-removebg-preview.png
QJB201新式獠牙短枪管,枪管,https://hpromax.top/static/assets/ui-cutouts/%E9%85%8D%E4%BB%B6%E5%9B%BE%E7%89%87/%E6%9E%AA%E7%AE%A1/QJB201%E6%96%B0%E5%BC%8F%E7%8D%A0%E7%89%99%E7%9F%AD%E6%9E%AA%E7%AE%A1-removebg-preview.png
QJB201新式重锤战术枪管,枪管,https://hpromax.top/static/assets/ui-cutouts/%E9%85%8D%E4%BB%B6%E5%9B%BE%E7%89%87/%E6%9E%AA%E7%AE%A1/QJB201%E6%96%B0%E5%BC%8F%E9%87%8D%E9%94%A4%E6%88%98%E6%9C%AF%E6%9E%AA%E7%AE%A1-removebg-preview.png
QSZ92G响尾蛇战术枪管,枪管,https://hpromax.top/static/assets/ui-cutouts/%E9%85%8D%E4%BB%B6%E5%9B%BE%E7%89%87/%E6%9E%AA%E7%AE%A1/QSZ92G%E5%93%8D%E5%B0%BE%E8%9B%87%E6%88%98%E6%9C%AF%E6%9E%AA%E7%AE%A1-removebg-preview.png
R93裂变长枪管,枪管,https://hpromax.top/static/assets/ui-cutouts/%E9%85%8D%E4%BB%B6%E5%9B%BE%E7%89%87/%E6%9E%AA%E7%AE%A1/R93%E8%A3%82%E5%8F%98%E9%95%BF%E6%9E%AA%E7%AE%A1-removebg-preview.png
R93轻盈短枪管,枪管,https://hpromax.top/static/assets/ui-cutouts/%E9%85%8D%E4%BB%B6%E5%9B%BE%E7%89%87/%E6%9E%AA%E7%AE%A1/R93%E8%BD%BB%E7%9B%88%E7%9F%AD%E6%9E%AA%E7%AE%A1-removebg-preview.png
RM277鲸鲨枪管组合,枪管,https://hpromax.top/static/assets/ui-cutouts/%E9%85%8D%E4%BB%B6%E5%9B%BE%E7%89%87/%E6%9E%AA%E7%AE%A1/RM277%E9%B2%B8%E9%B2%A8%E6%9E%AA%E7%AE%A1%E7%BB%84%E5%90%88-removebg-preview.png
RM277重型一体枪管,枪管,https://hpromax.top/static/assets/ui-cutouts/%E9%85%8D%E4%BB%B6%E5%9B%BE%E7%89%87/%E6%9E%AA%E7%AE%A1/RM277%E9%87%8D%E5%9E%8B%E4%B8%80%E4%BD%93%E6%9E%AA%E7%AE%A1-removebg-preview.png
S12K防御者短枪管组合,枪管,https://hpromax.top/static/assets/ui-cutouts/%E9%85%8D%E4%BB%B6%E5%9B%BE%E7%89%87/%E6%9E%AA%E7%AE%A1/S12K%E9%98%B2%E5%BE%A1%E8%80%85%E7%9F%AD%E6%9E%AA%E7%AE%A1%E7%BB%84%E5%90%88-removebg-preview.png
S12K破阵长枪管组合,枪管,https://hpromax.top/static/assets/ui-cutouts/%E9%85%8D%E4%BB%B6%E5%9B%BE%E7%89%87/%E6%9E%AA%E7%AE%A1/S12K%E7%A0%B4%E9%98%B5%E9%95%BF%E6%9E%AA%E7%AE%A1%E7%BB%84%E5%90%88-removebg-preview.png
S12K实用短枪管组合,枪管,https://hpromax.top/static/assets/ui-cutouts/%E9%85%8D%E4%BB%B6%E5%9B%BE%E7%89%87/%E6%9E%AA%E7%AE%A1/S12K%E5%AE%9E%E7%94%A8%E7%9F%AD%E6%9E%AA%E7%AE%A1%E7%BB%84%E5%90%88-removebg-preview.png
S12K实用长枪管组合,枪管,https://hpromax.top/static/assets/ui-cutouts/%E9%85%8D%E4%BB%B6%E5%9B%BE%E7%89%87/%E6%9E%AA%E7%AE%A1/S12K%E5%AE%9E%E7%94%A8%E9%95%BF%E6%9E%AA%E7%AE%A1%E7%BB%84%E5%90%88-removebg-preview.png
SCARH海狸长枪管,枪管,https://hpromax.top/static/assets/ui-cutouts/%E9%85%8D%E4%BB%B6%E5%9B%BE%E7%89%87/%E6%9E%AA%E7%AE%A1/SCARH%E6%B5%B7%E7%8B%B8%E9%95%BF%E6%9E%AA%E7%AE%A1-removebg-preview.png
SCARH零式短枪管,枪管,https://hpromax.top/static/assets/ui-cutouts/%E9%85%8D%E4%BB%B6%E5%9B%BE%E7%89%87/%E6%9E%AA%E7%AE%A1/SCARH%E9%9B%B6%E5%BC%8F%E7%9F%AD%E6%9E%AA%E7%AE%A1-removebg-preview.png
SCARH实用标准枪管,枪管,https://hpromax.top/static/assets/ui-cutouts/%E9%85%8D%E4%BB%B6%E5%9B%BE%E7%89%87/%E6%9E%AA%E7%AE%A1/SCARH%E5%AE%9E%E7%94%A8%E6%A0%87%E5%87%86%E6%9E%AA%E7%AE%A1-removebg-preview.png
SG552猎犬轻型枪管,枪管,https://hpromax.top/static/assets/ui-cutouts/%E9%85%8D%E4%BB%B6%E5%9B%BE%E7%89%87/%E6%9E%AA%E7%AE%A1/SG552%E7%8C%8E%E7%8A%AC%E8%BD%BB%E5%9E%8B%E6%9E%AA%E7%AE%A1-removebg-preview.png
SG552骑士重枪管,枪管,https://hpromax.top/static/assets/ui-cutouts/%E9%85%8D%E4%BB%B6%E5%9B%BE%E7%89%87/%E6%9E%AA%E7%AE%A1/SG552%E9%AA%91%E5%A3%AB%E9%87%8D%E6%9E%AA%E7%AE%A1-removebg-preview.png
SKS截断标准枪管,枪管,https://hpromax.top/static/assets/ui-cutouts/%E9%85%8D%E4%BB%B6%E5%9B%BE%E7%89%87/%E6%9E%AA%E7%AE%A1/SKS%E6%88%AA%E6%96%AD%E6%A0%87%E5%87%86%E6%9E%AA%E7%AE%A1-removebg-preview.png
SKS瞬息超长枪管,枪管,https://hpromax.top/static/assets/ui-cutouts/%E9%85%8D%E4%BB%B6%E5%9B%BE%E7%89%87/%E6%9E%AA%E7%AE%A1/SKS%E7%9E%AC%E6%81%AF%E8%B6%85%E9%95%BF%E6%9E%AA%E7%AE%A1-removebg-preview.png
SMG45裂变长枪管,枪管,https://hpromax.top/static/assets/ui-cutouts/%E9%85%8D%E4%BB%B6%E5%9B%BE%E7%89%87/%E6%9E%AA%E7%AE%A1/SMG45%E8%A3%82%E5%8F%98%E9%95%BF%E6%9E%AA%E7%AE%A1-removebg-preview.png
SMG45实用重枪管,枪管,https://hpromax.top/static/assets/ui-cutouts/%E9%85%8D%E4%BB%B6%E5%9B%BE%E7%89%87/%E6%9E%AA%E7%AE%A1/SMG45%E5%AE%9E%E7%94%A8%E9%87%8D%E6%9E%AA%E7%AE%A1-removebg-preview.png
SMG45竹鼠短枪管,枪管,https://hpromax.top/static/assets/ui-cutouts/%E9%85%8D%E4%BB%B6%E5%9B%BE%E7%89%87/%E6%9E%AA%E7%AE%A1/SMG45%E7%AB%B9%E9%BC%A0%E7%9F%AD%E6%9E%AA%E7%AE%A1-removebg-preview.png
SMG长弩超长枪管,枪管,https://hpromax.top/static/assets/ui-cutouts/%E9%85%8D%E4%BB%B6%E5%9B%BE%E7%89%87/%E6%9E%AA%E7%AE%A1/SMG%E9%95%BF%E5%BC%A9%E8%B6%85%E9%95%BF%E6%9E%AA%E7%AE%A1-removebg-preview.png
SR-3M铸钢战术枪管,枪管,https://hpromax.top/static/assets/ui-cutouts/%E9%85%8D%E4%BB%B6%E5%9B%BE%E7%89%87/%E6%9E%AA%E7%AE%A1/SR-3M%E9%93%B8%E9%92%A2%E6%88%98%E6%9C%AF%E6%9E%AA%E7%AE%A1-removebg-preview.png
SR25瞬息短枪管,枪管,https://hpromax.top/static/assets/ui-cutouts/%E9%85%8D%E4%BB%B6%E5%9B%BE%E7%89%87/%E6%9E%AA%E7%AE%A1/SR25%E7%9E%AC%E6%81%AF%E7%9F%AD%E6%9E%AA%E7%AE%A1-removebg-preview.png
SR25新星超长枪管,枪管,https://hpromax.top/static/assets/ui-cutouts/%E9%85%8D%E4%BB%B6%E5%9B%BE%E7%89%87/%E6%9E%AA%E7%AE%A1/SR25%E6%96%B0%E6%98%9F%E8%B6%85%E9%95%BF%E6%9E%AA%E7%AE%A1-removebg-preview.png
SR25追风长枪管,枪管,https://hpromax.top/static/assets/ui-cutouts/%E9%85%8D%E4%BB%B6%E5%9B%BE%E7%89%87/%E6%9E%AA%E7%AE%A1/SR25%E8%BF%BD%E9%A3%8E%E9%95%BF%E6%9E%AA%E7%AE%A1-removebg-preview.png
SV98开华超长枪管,枪管,https://hpromax.top/static/assets/ui-cutouts/%E9%85%8D%E4%BB%B6%E5%9B%BE%E7%89%87/%E6%9E%AA%E7%AE%A1/SV98%E5%BC%80%E5%8D%8E%E8%B6%85%E9%95%BF%E6%9E%AA%E7%AE%A1-removebg-preview.png
SV98灵巧短枪管,枪管,https://hpromax.top/static/assets/ui-cutouts/%E9%85%8D%E4%BB%B6%E5%9B%BE%E7%89%87/%E6%9E%AA%E7%AE%A1/SV98%E7%81%B5%E5%B7%A7%E7%9F%AD%E6%9E%AA%E7%AE%A1-removebg-preview.png
SV98龙萤轻枪管,枪管,https://hpromax.top/static/assets/ui-cutouts/%E9%85%8D%E4%BB%B6%E5%9B%BE%E7%89%87/%E6%9E%AA%E7%AE%A1/SV98%E9%BE%99%E8%90%A4%E8%BD%BB%E6%9E%AA%E7%AE%A1-removebg-preview.png
SV98升华超长枪管,枪管,https://hpromax.top/static/assets/ui-cutouts/%E9%85%8D%E4%BB%B6%E5%9B%BE%E7%89%87/%E6%9E%AA%E7%AE%A1/SV98%E5%8D%87%E5%8D%8E%E8%B6%85%E9%95%BF%E6%9E%AA%E7%AE%A1-removebg-preview.png
SVCH精工短枪管,枪管,https://hpromax.top/static/assets/ui-cutouts/%E9%85%8D%E4%BB%B6%E5%9B%BE%E7%89%87/%E6%9E%AA%E7%AE%A1/SVCH%E7%B2%BE%E5%B7%A5%E7%9F%AD%E6%9E%AA%E7%AE%A1-removebg-preview.png
SVCH碳纤长枪管,枪管,https://hpromax.top/static/assets/ui-cutouts/%E9%85%8D%E4%BB%B6%E5%9B%BE%E7%89%87/%E6%9E%AA%E7%AE%A1/SVCH%E7%A2%B3%E7%BA%A4%E9%95%BF%E6%9E%AA%E7%AE%A1-removebg-preview.png
SVD黑刺超长枪管,枪管,https://hpromax.top/static/assets/ui-cutouts/%E9%85%8D%E4%BB%B6%E5%9B%BE%E7%89%87/%E6%9E%AA%E7%AE%A1/SVD%E9%BB%91%E5%88%BA%E8%B6%85%E9%95%BF%E6%9E%AA%E7%AE%A1-removebg-preview.png
svd实用长枪管,枪管,https://hpromax.top/static/assets/ui-cutouts/%E9%85%8D%E4%BB%B6%E5%9B%BE%E7%89%87/%E6%9E%AA%E7%AE%A1/svd%E5%AE%9E%E7%94%A8%E9%95%BF%E6%9E%AA%E7%AE%A1-removebg-preview.png
UZI竞赛性能长枪管,枪管,https://hpromax.top/static/assets/ui-cutouts/%E9%85%8D%E4%BB%B6%E5%9B%BE%E7%89%87/%E6%9E%AA%E7%AE%A1/UZI%E7%AB%9E%E8%B5%9B%E6%80%A7%E8%83%BD%E9%95%BF%E6%9E%AA%E7%AE%A1-removebg-preview.png
UZI军需长枪管,枪管,https://hpromax.top/static/assets/ui-cutouts/%E9%85%8D%E4%BB%B6%E5%9B%BE%E7%89%87/%E6%9E%AA%E7%AE%A1/UZI%E5%86%9B%E9%9C%80%E9%95%BF%E6%9E%AA%E7%AE%A1-removebg-preview.png
UZI突击标准枪管,枪管,https://hpromax.top/static/assets/ui-cutouts/%E9%85%8D%E4%BB%B6%E5%9B%BE%E7%89%87/%E6%9E%AA%E7%AE%A1/UZI%E7%AA%81%E5%87%BB%E6%A0%87%E5%87%86%E6%9E%AA%E7%AE%A1-removebg-preview.png
Vector堡垒重枪管组合,枪管,https://hpromax.top/static/assets/ui-cutouts/%E9%85%8D%E4%BB%B6%E5%9B%BE%E7%89%87/%E6%9E%AA%E7%AE%A1/Vector%E5%A0%A1%E5%9E%92%E9%87%8D%E6%9E%AA%E7%AE%A1%E7%BB%84%E5%90%88-removebg-preview.png
Vector导轨枪管组合,枪管,https://hpromax.top/static/assets/ui-cutouts/%E9%85%8D%E4%BB%B6%E5%9B%BE%E7%89%87/%E6%9E%AA%E7%AE%A1/Vector%E5%AF%BC%E8%BD%A8%E6%9E%AA%E7%AE%A1%E7%BB%84%E5%90%88-removebg-preview.png
Vector长剑超长枪管组合,枪管,https://hpromax.top/static/assets/ui-cutouts/%E9%85%8D%E4%BB%B6%E5%9B%BE%E7%89%87/%E6%9E%AA%E7%AE%A1/Vector%E9%95%BF%E5%89%91%E8%B6%85%E9%95%BF%E6%9E%AA%E7%AE%A1%E7%BB%84%E5%90%88-removebg-preview.png
VSS海啸长枪管组合,枪管,https://hpromax.top/static/assets/ui-cutouts/%E9%85%8D%E4%BB%B6%E5%9B%BE%E7%89%87/%E6%9E%AA%E7%AE%A1/VSS%E6%B5%B7%E5%95%B8%E9%95%BF%E6%9E%AA%E7%AE%A1%E7%BB%84%E5%90%88-removebg-preview.png
725双管霰弹枪牛仔消音器,枪口,https://hpromax.top/static/assets/ui-cutouts/%E9%85%8D%E4%BB%B6%E5%9B%BE%E7%89%87/%E6%9E%AA%E5%8F%A3/725%E5%8F%8C%E7%AE%A1%E9%9C%B0%E5%BC%B9%E6%9E%AA%E7%89%9B%E4%BB%94%E6%B6%88%E9%9F%B3%E5%99%A8-removebg-preview.png
堡垒水平补偿器,枪口,https://hpromax.top/static/assets/ui-cutouts/%E9%85%8D%E4%BB%B6%E5%9B%BE%E7%89%87/%E6%9E%AA%E5%8F%A3/%E5%A0%A1%E5%9E%92%E6%B0%B4%E5%B9%B3%E8%A1%A5%E5%81%BF%E5%99%A8-removebg-preview.png
炽火抑制器,枪口,https://hpromax.top/static/assets/ui-cutouts/%E9%85%8D%E4%BB%B6%E5%9B%BE%E7%89%87/%E6%9E%AA%E5%8F%A3/%E7%82%BD%E7%81%AB%E6%8A%91%E5%88%B6%E5%99%A8-removebg-preview.png
冲锋枪回声消音器,枪口,https://hpromax.top/static/assets/ui-cutouts/%E9%85%8D%E4%BB%B6%E5%9B%BE%E7%89%87/%E6%9E%AA%E5%8F%A3/%E5%86%B2%E9%94%8B%E6%9E%AA%E5%9B%9E%E5%A3%B0%E6%B6%88%E9%9F%B3%E5%99%A8-removebg-preview.png
俄系冲锋枪精密消音器,枪口,https://hpromax.top/static/assets/ui-cutouts/%E9%85%8D%E4%BB%B6%E5%9B%BE%E7%89%87/%E6%9E%AA%E5%8F%A3/%E4%BF%84%E7%B3%BB%E5%86%B2%E9%94%8B%E6%9E%AA%E7%B2%BE%E5%AF%86%E6%B6%88%E9%9F%B3%E5%99%A8-removebg-preview.png
钢制膛口制退器,枪口,https://hpromax.top/static/assets/ui-cutouts/%E9%85%8D%E4%BB%B6%E5%9B%BE%E7%89%87/%E6%9E%AA%E5%8F%A3/%E9%92%A2%E5%88%B6%E8%86%9B%E5%8F%A3%E5%88%B6%E9%80%80%E5%99%A8-removebg-preview.png
杠杆式步枪守望者钢制制退器,枪口,https://hpromax.top/static/assets/ui-cutouts/%E9%85%8D%E4%BB%B6%E5%9B%BE%E7%89%87/%E6%9E%AA%E5%8F%A3/%E6%9D%A0%E6%9D%86%E5%BC%8F%E6%AD%A5%E6%9E%AA%E5%AE%88%E6%9C%9B%E8%80%85%E9%92%A2%E5%88%B6%E5%88%B6%E9%80%80%E5%99%A8-removebg-preview.png
共鸣狙击枪消音器,枪口,https://hpromax.top/static/assets/ui-cutouts/%E9%85%8D%E4%BB%B6%E5%9B%BE%E7%89%87/%E6%9E%AA%E5%8F%A3/%E5%85%B1%E9%B8%A3%E7%8B%99%E5%87%BB%E6%9E%AA%E6%B6%88%E9%9F%B3%E5%99%A8-removebg-preview.png
海神消焰器,枪口,https://hpromax.top/static/assets/ui-cutouts/%E9%85%8D%E4%BB%B6%E5%9B%BE%E7%89%87/%E6%9E%AA%E5%8F%A3/%E6%B5%B7%E7%A5%9E%E6%B6%88%E7%84%B0%E5%99%A8-removebg-preview.png
精英手枪制退器,枪口,https://hpromax.top/static/assets/ui-cutouts/%E9%85%8D%E4%BB%B6%E5%9B%BE%E7%89%87/%E6%9E%AA%E5%8F%A3/%E7%B2%BE%E8%8B%B1%E6%89%8B%E6%9E%AA%E5%88%B6%E9%80%80%E5%99%A8-removebg-preview.png
净化手枪消音器,枪口,https://hpromax.top/static/assets/ui-cutouts/%E9%85%8D%E4%BB%B6%E5%9B%BE%E7%89%87/%E6%9E%AA%E5%8F%A3/%E5%87%80%E5%8C%96%E6%89%8B%E6%9E%AA%E6%B6%88%E9%9F%B3%E5%99%A8-removebg-preview.png
喇叭口消焰器,枪口,https://hpromax.top/static/assets/ui-cutouts/%E9%85%8D%E4%BB%B6%E5%9B%BE%E7%89%87/%E6%9E%AA%E5%8F%A3/%E5%96%87%E5%8F%AD%E5%8F%A3%E6%B6%88%E7%84%B0%E5%99%A8-removebg-preview.png
鸟笼消焰器,枪口,https://hpromax.top/static/assets/ui-cutouts/%E9%85%8D%E4%BB%B6%E5%9B%BE%E7%89%87/%E6%9E%AA%E5%8F%A3/%E9%B8%9F%E7%AC%BC%E6%B6%88%E7%84%B0%E5%99%A8-removebg-preview.png
轻语战术消音器,枪口,https://hpromax.top/static/assets/ui-cutouts/%E9%85%8D%E4%BB%B6%E5%9B%BE%E7%89%87/%E6%9E%AA%E5%8F%A3/%E8%BD%BB%E8%AF%AD%E6%88%98%E6%9C%AF%E6%B6%88%E9%9F%B3%E5%99%A8-removebg-preview.png
沙暴垂直补偿器,枪口,https://hpromax.top/static/assets/ui-cutouts/%E9%85%8D%E4%BB%B6%E5%9B%BE%E7%89%87/%E6%9E%AA%E5%8F%A3/%E6%B2%99%E6%9A%B4%E5%9E%82%E7%9B%B4%E8%A1%A5%E5%81%BF%E5%99%A8-removebg-preview.png
实用手枪消焰器,枪口,https://hpromax.top/static/assets/ui-cutouts/%E9%85%8D%E4%BB%B6%E5%9B%BE%E7%89%87/%E6%9E%AA%E5%8F%A3/%E5%AE%9E%E7%94%A8%E6%89%8B%E6%9E%AA%E6%B6%88%E7%84%B0%E5%99%A8-removebg-preview.png
实用霰弹收束器,枪口,https://hpromax.top/static/assets/ui-cutouts/%E9%85%8D%E4%BB%B6%E5%9B%BE%E7%89%87/%E6%9E%AA%E5%8F%A3/%E5%AE%9E%E7%94%A8%E9%9C%B0%E5%BC%B9%E6%94%B6%E6%9D%9F%E5%99%A8-removebg-preview.png
实用消焰器,枪口,https://hpromax.top/static/assets/ui-cutouts/%E9%85%8D%E4%BB%B6%E5%9B%BE%E7%89%87/%E6%9E%AA%E5%8F%A3/%E5%AE%9E%E7%94%A8%E6%B6%88%E7%84%B0%E5%99%A8-removebg-preview.png
实用消音器,枪口,https://hpromax.top/static/assets/ui-cutouts/%E9%85%8D%E4%BB%B6%E5%9B%BE%E7%89%87/%E6%9E%AA%E5%8F%A3/%E5%AE%9E%E7%94%A8%E6%B6%88%E9%9F%B3%E5%99%A8-removebg-preview.png
死寂消音器,枪口,https://hpromax.top/static/assets/ui-cutouts/%E9%85%8D%E4%BB%B6%E5%9B%BE%E7%89%87/%E6%9E%AA%E5%8F%A3/%E6%AD%BB%E5%AF%82%E6%B6%88%E9%9F%B3%E5%99%A8-removebg-preview.png
钛金竞赛制退器,枪口,https://hpromax.top/static/assets/ui-cutouts/%E9%85%8D%E4%BB%B6%E5%9B%BE%E7%89%87/%E6%9E%AA%E5%8F%A3/%E9%92%9B%E9%87%91%E7%AB%9E%E8%B5%9B%E5%88%B6%E9%80%80%E5%99%A8-removebg-preview.png
泰坦补偿器,枪口,https://hpromax.top/static/assets/ui-cutouts/%E9%85%8D%E4%BB%B6%E5%9B%BE%E7%89%87/%E6%9E%AA%E5%8F%A3/%E6%B3%B0%E5%9D%A6%E8%A1%A5%E5%81%BF%E5%99%A8-removebg-preview.png
泰坦消音器,枪口,https://hpromax.top/static/assets/ui-cutouts/%E9%85%8D%E4%BB%B6%E5%9B%BE%E7%89%87/%E6%9E%AA%E5%8F%A3/%E6%B3%B0%E5%9D%A6%E6%B6%88%E9%9F%B3%E5%99%A8-removebg-preview.png
先进多口径消音器,枪口,https://hpromax.top/static/assets/ui-cutouts/%E9%85%8D%E4%BB%B6%E5%9B%BE%E7%89%87/%E6%9E%AA%E5%8F%A3/%E5%85%88%E8%BF%9B%E5%A4%9A%E5%8F%A3%E5%BE%84%E6%B6%88%E9%9F%B3%E5%99%A8-removebg-preview.png
霰弹枪回声消音器,枪口,https://hpromax.top/static/assets/ui-cutouts/%E9%85%8D%E4%BB%B6%E5%9B%BE%E7%89%87/%E6%9E%AA%E5%8F%A3/%E9%9C%B0%E5%BC%B9%E6%9E%AA%E5%9B%9E%E5%A3%B0%E6%B6%88%E9%9F%B3%E5%99%A8-removebg-preview.png
霰弹枪精密消音器,枪口,https://hpromax.top/static/assets/ui-cutouts/%E9%85%8D%E4%BB%B6%E5%9B%BE%E7%89%87/%E6%9E%AA%E5%8F%A3/%E9%9C%B0%E5%BC%B9%E6%9E%AA%E7%B2%BE%E5%AF%86%E6%B6%88%E9%9F%B3%E5%99%A8-removebg-preview.png
霰弹枪巨炮制退器,枪口,https://hpromax.top/static/assets/ui-cutouts/%E9%85%8D%E4%BB%B6%E5%9B%BE%E7%89%87/%E6%9E%AA%E5%8F%A3/%E9%9C%B0%E5%BC%B9%E6%9E%AA%E5%B7%A8%E7%82%AE%E5%88%B6%E9%80%80%E5%99%A8-removebg-preview.png
霰弹枪囚笼补偿器,枪口,https://hpromax.top/static/assets/ui-cutouts/%E9%85%8D%E4%BB%B6%E5%9B%BE%E7%89%87/%E6%9E%AA%E5%8F%A3/%E9%9C%B0%E5%BC%B9%E6%9E%AA%E5%9B%9A%E7%AC%BC%E8%A1%A5%E5%81%BF%E5%99%A8-removebg-preview.png
霰弹枪涡流收束器,枪口,https://hpromax.top/static/assets/ui-cutouts/%E9%85%8D%E4%BB%B6%E5%9B%BE%E7%89%87/%E6%9E%AA%E5%8F%A3/%E9%9C%B0%E5%BC%B9%E6%9E%AA%E6%B6%A1%E6%B5%81%E6%94%B6%E6%9D%9F%E5%99%A8-removebg-preview.png
薪火螺旋消焰器,枪口,https://hpromax.top/static/assets/ui-cutouts/%E9%85%8D%E4%BB%B6%E5%9B%BE%E7%89%87/%E6%9E%AA%E5%8F%A3/%E8%96%AA%E7%81%AB%E8%9E%BA%E6%97%8B%E6%B6%88%E7%84%B0%E5%99%A8-removebg-preview.png
漩涡消焰器,枪口,https://hpromax.top/static/assets/ui-cutouts/%E9%85%8D%E4%BB%B6%E5%9B%BE%E7%89%87/%E6%9E%AA%E5%8F%A3/%E6%BC%A9%E6%B6%A1%E6%B6%88%E7%84%B0%E5%99%A8-removebg-preview.png
余烬消音器,枪口,https://hpromax.top/static/assets/ui-cutouts/%E9%85%8D%E4%BB%B6%E5%9B%BE%E7%89%87/%E6%9E%AA%E5%8F%A3/%E4%BD%99%E7%83%AC%E6%B6%88%E9%9F%B3%E5%99%A8-removebg-preview.png
蛛网钛制制退器,枪口,https://hpromax.top/static/assets/ui-cutouts/%E9%85%8D%E4%BB%B6%E5%9B%BE%E7%89%87/%E6%9E%AA%E5%8F%A3/%E8%9B%9B%E7%BD%91%E9%92%9B%E5%88%B6%E5%88%B6%E9%80%80%E5%99%A8-removebg-preview.png
AK实用补偿器,枪口,https://hpromax.top/static/assets/ui-cutouts/%E9%85%8D%E4%BB%B6%E5%9B%BE%E7%89%87/%E6%9E%AA%E5%8F%A3/AK%E5%AE%9E%E7%94%A8%E8%A1%A5%E5%81%BF%E5%99%A8-removebg-preview.png
AK勇火消音器,枪口,https://hpromax.top/static/assets/ui-cutouts/%E9%85%8D%E4%BB%B6%E5%9B%BE%E7%89%87/%E6%9E%AA%E5%8F%A3/AK%E5%8B%87%E7%81%AB%E6%B6%88%E9%9F%B3%E5%99%A8-removebg-preview.png
DTK制退器,枪口,https://hpromax.top/static/assets/ui-cutouts/%E9%85%8D%E4%BB%B6%E5%9B%BE%E7%89%87/%E6%9E%AA%E5%8F%A3/DTK%E5%88%B6%E9%80%80%E5%99%A8-removebg-preview.png
FFC双流制退器,枪口,https://hpromax.top/static/assets/ui-cutouts/%E9%85%8D%E4%BB%B6%E5%9B%BE%E7%89%87/%E6%9E%AA%E5%8F%A3/FFC%E5%8F%8C%E6%B5%81%E5%88%B6%E9%80%80%E5%99%A8-removebg-preview.png
M7实用消音器,枪口,https://hpromax.top/static/assets/ui-cutouts/%E9%85%8D%E4%BB%B6%E5%9B%BE%E7%89%87/%E6%9E%AA%E5%8F%A3/M7%E5%AE%9E%E7%94%A8%E6%B6%88%E9%9F%B3%E5%99%A8-removebg-preview.png
OPS消音器,枪口,https://hpromax.top/static/assets/ui-cutouts/%E9%85%8D%E4%BB%B6%E5%9B%BE%E7%89%87/%E6%9E%AA%E5%8F%A3/OPS%E6%B6%88%E9%9F%B3%E5%99%A8-removebg-preview.png
PBS俄式消音器,枪口,https://hpromax.top/static/assets/ui-cutouts/%E9%85%8D%E4%BB%B6%E5%9B%BE%E7%89%87/%E6%9E%AA%E5%8F%A3/PBS%E4%BF%84%E5%BC%8F%E6%B6%88%E9%9F%B3%E5%99%A8-removebg-preview.png
RM277断流消音器,枪口,https://hpromax.top/static/assets/ui-cutouts/%E9%85%8D%E4%BB%B6%E5%9B%BE%E7%89%87/%E6%9E%AA%E5%8F%A3/RM277%E6%96%AD%E6%B5%81%E6%B6%88%E9%9F%B3%E5%99%A8-removebg-preview.png
SR-3M隐击消音器,枪口,https://hpromax.top/static/assets/ui-cutouts/%E9%85%8D%E4%BB%B6%E5%9B%BE%E7%89%87/%E6%9E%AA%E5%8F%A3/SR-3M%E9%9A%90%E5%87%BB%E6%B6%88%E9%9F%B3%E5%99%A8-removebg-preview.png
1014固定枪托,枪托,https://hpromax.top/static/assets/ui-cutouts/%E9%85%8D%E4%BB%B6%E5%9B%BE%E7%89%87/%E6%9E%AA%E6%89%98/1014%E5%9B%BA%E5%AE%9A%E6%9E%AA%E6%89%98-removebg-preview.png
1014伸缩托_展开_-removebg-preview (1).png,枪托,https://hpromax.top/static/assets/ui-cutouts/%E9%85%8D%E4%BB%B6%E5%9B%BE%E7%89%87/%E6%9E%AA%E6%89%98/1014%E4%BC%B8%E7%BC%A9%E6%89%98_%E5%B1%95%E5%BC%80_-removebg-preview%20(1).png
1014伸缩托_展开_,枪托,https://hpromax.top/static/assets/ui-cutouts/%E9%85%8D%E4%BB%B6%E5%9B%BE%E7%89%87/%E6%9E%AA%E6%89%98/1014%E4%BC%B8%E7%BC%A9%E6%89%98_%E5%B1%95%E5%BC%80_-removebg-preview.png
1014伸缩托_折叠_,枪托,https://hpromax.top/static/assets/ui-cutouts/%E9%85%8D%E4%BB%B6%E5%9B%BE%E7%89%87/%E6%9E%AA%E6%89%98/1014%E4%BC%B8%E7%BC%A9%E6%89%98_%E6%8A%98%E5%8F%A0_-removebg-preview.png
357左轮逐风者枪托,枪托,https://hpromax.top/static/assets/ui-cutouts/%E9%85%8D%E4%BB%B6%E5%9B%BE%E7%89%87/%E6%9E%AA%E6%89%98/357%E5%B7%A6%E8%BD%AE%E9%80%90%E9%A3%8E%E8%80%85%E6%9E%AA%E6%89%98-removebg-preview.png
416-C伸缩枪托,枪托,https://hpromax.top/static/assets/ui-cutouts/%E9%85%8D%E4%BB%B6%E5%9B%BE%E7%89%87/%E6%9E%AA%E6%89%98/416-C%E4%BC%B8%E7%BC%A9%E6%9E%AA%E6%89%98-removebg-preview.png
416轻型枪托,枪托,https://hpromax.top/static/assets/ui-cutouts/%E9%85%8D%E4%BB%B6%E5%9B%BE%E7%89%87/%E6%9E%AA%E6%89%98/416%E8%BD%BB%E5%9E%8B%E6%9E%AA%E6%89%98-removebg-preview.png
416稳固枪托,枪托,https://hpromax.top/static/assets/ui-cutouts/%E9%85%8D%E4%BB%B6%E5%9B%BE%E7%89%87/%E6%9E%AA%E6%89%98/416%E7%A8%B3%E5%9B%BA%E6%9E%AA%E6%89%98-removebg-preview.png
725双管霰弹枪守望者枪托,枪托,https://hpromax.top/static/assets/ui-cutouts/%E9%85%8D%E4%BB%B6%E5%9B%BE%E7%89%87/%E6%9E%AA%E6%89%98/725%E5%8F%8C%E7%AE%A1%E9%9C%B0%E5%BC%B9%E6%9E%AA%E5%AE%88%E6%9C%9B%E8%80%85%E6%9E%AA%E6%89%98-removebg-preview.png
725双管霰弹枪州长短枪托,枪托,https://hpromax.top/static/assets/ui-cutouts/%E9%85%8D%E4%BB%B6%E5%9B%BE%E7%89%87/%E6%9E%AA%E6%89%98/725%E5%8F%8C%E7%AE%A1%E9%9C%B0%E5%BC%B9%E6%9E%AA%E5%B7%9E%E9%95%BF%E7%9F%AD%E6%9E%AA%E6%89%98-removebg-preview.png
杠杆式步枪骨架枪托,枪托,https://hpromax.top/static/assets/ui-cutouts/%E9%85%8D%E4%BB%B6%E5%9B%BE%E7%89%87/%E6%9E%AA%E6%89%98/%E6%9D%A0%E6%9D%86%E5%BC%8F%E6%AD%A5%E6%9E%AA%E9%AA%A8%E6%9E%B6%E6%9E%AA%E6%89%98-removebg-preview.png
杠杆式步枪稳固狙击枪托,枪托,https://hpromax.top/static/assets/ui-cutouts/%E9%85%8D%E4%BB%B6%E5%9B%BE%E7%89%87/%E6%9E%AA%E6%89%98/%E6%9D%A0%E6%9D%86%E5%BC%8F%E6%AD%A5%E6%9E%AA%E7%A8%B3%E5%9B%BA%E7%8B%99%E5%87%BB%E6%9E%AA%E6%89%98-removebg-preview.png
杠杆式步枪无托后握把,枪托,https://hpromax.top/static/assets/ui-cutouts/%E9%85%8D%E4%BB%B6%E5%9B%BE%E7%89%87/%E6%9E%AA%E6%89%98/%E6%9D%A0%E6%9D%86%E5%BC%8F%E6%AD%A5%E6%9E%AA%E6%97%A0%E6%89%98%E5%90%8E%E6%8F%A1%E6%8A%8A-removebg-preview.png
杠杆式步枪运动枪托,枪托,https://hpromax.top/static/assets/ui-cutouts/%E9%85%8D%E4%BB%B6%E5%9B%BE%E7%89%87/%E6%9E%AA%E6%89%98/%E6%9D%A0%E6%9D%86%E5%BC%8F%E6%AD%A5%E6%9E%AA%E8%BF%90%E5%8A%A8%E6%9E%AA%E6%89%98-removebg-preview.png
杠杆式步枪战锤战术枪托,枪托,https://hpromax.top/static/assets/ui-cutouts/%E9%85%8D%E4%BB%B6%E5%9B%BE%E7%89%87/%E6%9E%AA%E6%89%98/%E6%9D%A0%E6%9D%86%E5%BC%8F%E6%AD%A5%E6%9E%AA%E6%88%98%E9%94%A4%E6%88%98%E6%9C%AF%E6%9E%AA%E6%89%98-removebg-preview.png
骨架狙击枪托,枪托,https://hpromax.top/static/assets/ui-cutouts/%E9%85%8D%E4%BB%B6%E5%9B%BE%E7%89%87/%E6%9E%AA%E6%89%98/%E9%AA%A8%E6%9E%B6%E7%8B%99%E5%87%BB%E6%9E%AA%E6%89%98-removebg-preview.png
核心导轨枪托,枪托,https://hpromax.top/static/assets/ui-cutouts/%E9%85%8D%E4%BB%B6%E5%9B%BE%E7%89%87/%E6%9E%AA%E6%89%98/%E6%A0%B8%E5%BF%83%E5%AF%BC%E8%BD%A8%E6%9E%AA%E6%89%98-removebg-preview.png
精英轻型枪托,枪托,https://hpromax.top/static/assets/ui-cutouts/%E9%85%8D%E4%BB%B6%E5%9B%BE%E7%89%87/%E6%9E%AA%E6%89%98/%E7%B2%BE%E8%8B%B1%E8%BD%BB%E5%9E%8B%E6%9E%AA%E6%89%98-removebg-preview.png
锚点导轨后托,枪托,https://hpromax.top/static/assets/ui-cutouts/%E9%85%8D%E4%BB%B6%E5%9B%BE%E7%89%87/%E6%9E%AA%E6%89%98/%E9%94%9A%E7%82%B9%E5%AF%BC%E8%BD%A8%E5%90%8E%E6%89%98-removebg-preview.png
侵掠核心枪托,枪托,https://hpromax.top/static/assets/ui-cutouts/%E9%85%8D%E4%BB%B6%E5%9B%BE%E7%89%87/%E6%9E%AA%E6%89%98/%E4%BE%B5%E6%8E%A0%E6%A0%B8%E5%BF%83%E6%9E%AA%E6%89%98-removebg-preview.png
闪电导轨枪托,枪托,https://hpromax.top/static/assets/ui-cutouts/%E9%85%8D%E4%BB%B6%E5%9B%BE%E7%89%87/%E6%9E%AA%E6%89%98/%E9%97%AA%E7%94%B5%E5%AF%BC%E8%BD%A8%E6%9E%AA%E6%89%98-removebg-preview.png
实用轻型枪托,枪托,https://hpromax.top/static/assets/ui-cutouts/%E9%85%8D%E4%BB%B6%E5%9B%BE%E7%89%87/%E6%9E%AA%E6%89%98/%E5%AE%9E%E7%94%A8%E8%BD%BB%E5%9E%8B%E6%9E%AA%E6%89%98-removebg-preview.png
实用稳定枪托,枪托,https://hpromax.top/static/assets/ui-cutouts/%E9%85%8D%E4%BB%B6%E5%9B%BE%E7%89%87/%E6%9E%AA%E6%89%98/%E5%AE%9E%E7%94%A8%E7%A8%B3%E5%AE%9A%E6%9E%AA%E6%89%98-removebg-preview.png
实用战术枪托,枪托,https://hpromax.top/static/assets/ui-cutouts/%E9%85%8D%E4%BB%B6%E5%9B%BE%E7%89%87/%E6%9E%AA%E6%89%98/%E5%AE%9E%E7%94%A8%E6%88%98%E6%9C%AF%E6%9E%AA%E6%89%98-removebg-preview.png
枢机稳固枪托,枪托,https://hpromax.top/static/assets/ui-cutouts/%E9%85%8D%E4%BB%B6%E5%9B%BE%E7%89%87/%E6%9E%AA%E6%89%98/%E6%9E%A2%E6%9C%BA%E7%A8%B3%E5%9B%BA%E6%9E%AA%E6%89%98-removebg-preview.png
枢机先进战斗枪托,枪托,https://hpromax.top/static/assets/ui-cutouts/%E9%85%8D%E4%BB%B6%E5%9B%BE%E7%89%87/%E6%9E%AA%E6%89%98/%E6%9E%A2%E6%9C%BA%E5%85%88%E8%BF%9B%E6%88%98%E6%96%97%E6%9E%AA%E6%89%98-removebg-preview.png
通用托腮板,枪托,https://hpromax.top/static/assets/ui-cutouts/%E9%85%8D%E4%BB%B6%E5%9B%BE%E7%89%87/%E6%9E%AA%E6%89%98/%E9%80%9A%E7%94%A8%E6%89%98%E8%85%AE%E6%9D%BF-removebg-preview.png
影袭导轨枪托,枪托,https://hpromax.top/static/assets/ui-cutouts/%E9%85%8D%E4%BB%B6%E5%9B%BE%E7%89%87/%E6%9E%AA%E6%89%98/%E5%BD%B1%E8%A2%AD%E5%AF%BC%E8%BD%A8%E6%9E%AA%E6%89%98-removebg-preview.png
影袭托芯枪托,枪托,https://hpromax.top/static/assets/ui-cutouts/%E9%85%8D%E4%BB%B6%E5%9B%BE%E7%89%87/%E6%9E%AA%E6%89%98/%E5%BD%B1%E8%A2%AD%E6%89%98%E8%8A%AF%E6%9E%AA%E6%89%98-removebg-preview.png
AK19枪托,枪托,https://hpromax.top/static/assets/ui-cutouts/%E9%85%8D%E4%BB%B6%E5%9B%BE%E7%89%87/%E6%9E%AA%E6%89%98/AK19%E6%9E%AA%E6%89%98-removebg-preview.png
AK骨架枪托,枪托,https://hpromax.top/static/assets/ui-cutouts/%E9%85%8D%E4%BB%B6%E5%9B%BE%E7%89%87/%E6%9E%AA%E6%89%98/AK%E9%AA%A8%E6%9E%B6%E6%9E%AA%E6%89%98-removebg-preview.png
AK聚合物枪托,枪托,https://hpromax.top/static/assets/ui-cutouts/%E9%85%8D%E4%BB%B6%E5%9B%BE%E7%89%87/%E6%9E%AA%E6%89%98/AK%E8%81%9A%E5%90%88%E7%89%A9%E6%9E%AA%E6%89%98-removebg-preview.png
AK枪托缓冲垫,枪托,https://hpromax.top/static/assets/ui-cutouts/%E9%85%8D%E4%BB%B6%E5%9B%BE%E7%89%87/%E6%9E%AA%E6%89%98/AK%E6%9E%AA%E6%89%98%E7%BC%93%E5%86%B2%E5%9E%AB-removebg-preview.png
AK枪托尾盖,枪托,https://hpromax.top/static/assets/ui-cutouts/%E9%85%8D%E4%BB%B6%E5%9B%BE%E7%89%87/%E6%9E%AA%E6%89%98/AK%E6%9E%AA%E6%89%98%E5%B0%BE%E7%9B%96-removebg-preview.png
AK折叠枪托,枪托,https://hpromax.top/static/assets/ui-cutouts/%E9%85%8D%E4%BB%B6%E5%9B%BE%E7%89%87/%E6%9E%AA%E6%89%98/AK%E6%8A%98%E5%8F%A0%E6%9E%AA%E6%89%98-removebg-preview.png
AMR-HT镂空枪托,枪托,https://hpromax.top/static/assets/ui-cutouts/%E9%85%8D%E4%BB%B6%E5%9B%BE%E7%89%87/%E6%9E%AA%E6%89%98/AMR-HT%E9%95%82%E7%A9%BA%E6%9E%AA%E6%89%98-removebg-preview.png
ASh-12骨架枪托,枪托,https://hpromax.top/static/assets/ui-cutouts/%E9%85%8D%E4%BB%B6%E5%9B%BE%E7%89%87/%E6%9E%AA%E6%89%98/ASh-12%E9%AA%A8%E6%9E%B6%E6%9E%AA%E6%89%98-removebg-preview.png
ASh-12狙击枪托,枪托,https://hpromax.top/static/assets/ui-cutouts/%E9%85%8D%E4%BB%B6%E5%9B%BE%E7%89%87/%E6%9E%AA%E6%89%98/ASh-12%E7%8B%99%E5%87%BB%E6%9E%AA%E6%89%98-removebg-preview.png
ASVal枪托尾盖,枪托,https://hpromax.top/static/assets/ui-cutouts/%E9%85%8D%E4%BB%B6%E5%9B%BE%E7%89%87/%E6%9E%AA%E6%89%98/ASVal%E6%9E%AA%E6%89%98%E5%B0%BE%E7%9B%96-removebg-preview.png
AUG枪托垫,枪托,https://hpromax.top/static/assets/ui-cutouts/%E9%85%8D%E4%BB%B6%E5%9B%BE%E7%89%87/%E6%9E%AA%E6%89%98/AUG%E6%9E%AA%E6%89%98%E5%9E%AB-removebg-preview.png
CT增强型后托,枪托,https://hpromax.top/static/assets/ui-cutouts/%E9%85%8D%E4%BB%B6%E5%9B%BE%E7%89%87/%E6%9E%AA%E6%89%98/CT%E5%A2%9E%E5%BC%BA%E5%9E%8B%E5%90%8E%E6%89%98-removebg-preview.png
G3枪托,枪托,https://hpromax.top/static/assets/ui-cutouts/%E9%85%8D%E4%BB%B6%E5%9B%BE%E7%89%87/%E6%9E%AA%E6%89%98/G3%E6%9E%AA%E6%89%98-removebg-preview.png
G3伸缩枪托,枪托,https://hpromax.top/static/assets/ui-cutouts/%E9%85%8D%E4%BB%B6%E5%9B%BE%E7%89%87/%E6%9E%AA%E6%89%98/G3%E4%BC%B8%E7%BC%A9%E6%9E%AA%E6%89%98-removebg-preview.png
G3稳定枪托,枪托,https://hpromax.top/static/assets/ui-cutouts/%E9%85%8D%E4%BB%B6%E5%9B%BE%E7%89%87/%E6%9E%AA%E6%89%98/G3%E7%A8%B3%E5%AE%9A%E6%9E%AA%E6%89%98-removebg-preview.png
KC17先进战斗枪托,枪托,https://hpromax.top/static/assets/ui-cutouts/%E9%85%8D%E4%BB%B6%E5%9B%BE%E7%89%87/%E6%9E%AA%E6%89%98/KC17%E5%85%88%E8%BF%9B%E6%88%98%E6%96%97%E6%9E%AA%E6%89%98-removebg-preview.png
M14EBR枪托,枪托,https://hpromax.top/static/assets/ui-cutouts/%E9%85%8D%E4%BB%B6%E5%9B%BE%E7%89%87/%E6%9E%AA%E6%89%98/M14EBR%E6%9E%AA%E6%89%98-removebg-preview.png
M16A4稳定枪托,枪托,https://hpromax.top/static/assets/ui-cutouts/%E9%85%8D%E4%BB%B6%E5%9B%BE%E7%89%87/%E6%9E%AA%E6%89%98/M16A4%E7%A8%B3%E5%AE%9A%E6%9E%AA%E6%89%98-removebg-preview.png
M249精英骨架枪托,枪托,https://hpromax.top/static/assets/ui-cutouts/%E9%85%8D%E4%BB%B6%E5%9B%BE%E7%89%87/%E6%9E%AA%E6%89%98/M249%E7%B2%BE%E8%8B%B1%E9%AA%A8%E6%9E%B6%E6%9E%AA%E6%89%98-removebg-preview.png
M249尾盖,枪托,https://hpromax.top/static/assets/ui-cutouts/%E9%85%8D%E4%BB%B6%E5%9B%BE%E7%89%87/%E6%9E%AA%E6%89%98/M249%E5%B0%BE%E7%9B%96-removebg-preview.png
M4缓冲托芯,枪托,https://hpromax.top/static/assets/ui-cutouts/%E9%85%8D%E4%BB%B6%E5%9B%BE%E7%89%87/%E6%9E%AA%E6%89%98/M4%E7%BC%93%E5%86%B2%E6%89%98%E8%8A%AF-removebg-preview.png
M700托腮板,枪托,https://hpromax.top/static/assets/ui-cutouts/%E9%85%8D%E4%BB%B6%E5%9B%BE%E7%89%87/%E6%9E%AA%E6%89%98/M700%E6%89%98%E8%85%AE%E6%9D%BF-removebg-preview.png
MK47主宰者后托,枪托,https://hpromax.top/static/assets/ui-cutouts/%E9%85%8D%E4%BB%B6%E5%9B%BE%E7%89%87/%E6%9E%AA%E6%89%98/MK47%E4%B8%BB%E5%AE%B0%E8%80%85%E5%90%8E%E6%89%98-removebg-preview.png
MP5伸缩枪托,枪托,https://hpromax.top/static/assets/ui-cutouts/%E9%85%8D%E4%BB%B6%E5%9B%BE%E7%89%87/%E6%9E%AA%E6%89%98/MP5%E4%BC%B8%E7%BC%A9%E6%9E%AA%E6%89%98-removebg-preview.png
MP5尾盖,枪托,https://hpromax.top/static/assets/ui-cutouts/%E9%85%8D%E4%BB%B6%E5%9B%BE%E7%89%87/%E6%9E%AA%E6%89%98/MP5%E5%B0%BE%E7%9B%96-removebg-preview.png
MP5K折叠枪托,枪托,https://hpromax.top/static/assets/ui-cutouts/%E9%85%8D%E4%BB%B6%E5%9B%BE%E7%89%87/%E6%9E%AA%E6%89%98/MP5K%E6%8A%98%E5%8F%A0%E6%9E%AA%E6%89%98-removebg-preview.png
MP7枪托尾盖,枪托,https://hpromax.top/static/assets/ui-cutouts/%E9%85%8D%E4%BB%B6%E5%9B%BE%E7%89%87/%E6%9E%AA%E6%89%98/MP7%E6%9E%AA%E6%89%98%E5%B0%BE%E7%9B%96-removebg-preview.png
MRGS镂空枪托,枪托,https://hpromax.top/static/assets/ui-cutouts/%E9%85%8D%E4%BB%B6%E5%9B%BE%E7%89%87/%E6%9E%AA%E6%89%98/MRGS%E9%95%82%E7%A9%BA%E6%9E%AA%E6%89%98-removebg-preview.png
P90枪托垫,枪托,https://hpromax.top/static/assets/ui-cutouts/%E9%85%8D%E4%BB%B6%E5%9B%BE%E7%89%87/%E6%9E%AA%E6%89%98/P90%E6%9E%AA%E6%89%98%E5%9E%AB-removebg-preview.png
PKM枪托尾盖,枪托,https://hpromax.top/static/assets/ui-cutouts/%E9%85%8D%E4%BB%B6%E5%9B%BE%E7%89%87/%E6%9E%AA%E6%89%98/PKM%E6%9E%AA%E6%89%98%E5%B0%BE%E7%9B%96-removebg-preview.png
PKM泽宁特枪托,枪托,https://hpromax.top/static/assets/ui-cutouts/%E9%85%8D%E4%BB%B6%E5%9B%BE%E7%89%87/%E6%9E%AA%E6%89%98/PKM%E6%B3%BD%E5%AE%81%E7%89%B9%E6%9E%AA%E6%89%98-removebg-preview.png
PT1特种枪托,枪托,https://hpromax.top/static/assets/ui-cutouts/%E9%85%8D%E4%BB%B6%E5%9B%BE%E7%89%87/%E6%9E%AA%E6%89%98/PT1%E7%89%B9%E7%A7%8D%E6%9E%AA%E6%89%98-removebg-preview.png
PT3死士枪托,枪托,https://hpromax.top/static/assets/ui-cutouts/%E9%85%8D%E4%BB%B6%E5%9B%BE%E7%89%87/%E6%9E%AA%E6%89%98/PT3%E6%AD%BB%E5%A3%AB%E6%9E%AA%E6%89%98-removebg-preview.png
QBZ托腮板,枪托,https://hpromax.top/static/assets/ui-cutouts/%E9%85%8D%E4%BB%B6%E5%9B%BE%E7%89%87/%E6%9E%AA%E6%89%98/QBZ%E6%89%98%E8%85%AE%E6%9D%BF-removebg-preview.png
QR高性能后托,枪托,https://hpromax.top/static/assets/ui-cutouts/%E9%85%8D%E4%BB%B6%E5%9B%BE%E7%89%87/%E6%9E%AA%E6%89%98/QR%E9%AB%98%E6%80%A7%E8%83%BD%E5%90%8E%E6%89%98-removebg-preview.png
RM277托垫,枪托,https://hpromax.top/static/assets/ui-cutouts/%E9%85%8D%E4%BB%B6%E5%9B%BE%E7%89%87/%E6%9E%AA%E6%89%98/RM277%E6%89%98%E5%9E%AB-removebg-preview.png
RM277托腮板,枪托,https://hpromax.top/static/assets/ui-cutouts/%E9%85%8D%E4%BB%B6%E5%9B%BE%E7%89%87/%E6%9E%AA%E6%89%98/RM277%E6%89%98%E8%85%AE%E6%9D%BF-removebg-preview.png
S12K撞火枪托,枪托,https://hpromax.top/static/assets/ui-cutouts/%E9%85%8D%E4%BB%B6%E5%9B%BE%E7%89%87/%E6%9E%AA%E6%89%98/S12K%E6%92%9E%E7%81%AB%E6%9E%AA%E6%89%98-removebg-preview.png
SCAR-H枪托尾盖,枪托,https://hpromax.top/static/assets/ui-cutouts/%E9%85%8D%E4%BB%B6%E5%9B%BE%E7%89%87/%E6%9E%AA%E6%89%98/SCAR-H%E6%9E%AA%E6%89%98%E5%B0%BE%E7%9B%96-removebg-preview.png
SG552枪托尾盖,枪托,https://hpromax.top/static/assets/ui-cutouts/%E9%85%8D%E4%BB%B6%E5%9B%BE%E7%89%87/%E6%9E%AA%E6%89%98/SG552%E6%9E%AA%E6%89%98%E5%B0%BE%E7%9B%96-removebg-preview.png
SMG45枪托尾盖,枪托,https://hpromax.top/static/assets/ui-cutouts/%E9%85%8D%E4%BB%B6%E5%9B%BE%E7%89%87/%E6%9E%AA%E6%89%98/SMG45%E6%9E%AA%E6%89%98%E5%B0%BE%E7%9B%96-removebg-preview.png
SR-3M枪托尾盖,枪托,https://hpromax.top/static/assets/ui-cutouts/%E9%85%8D%E4%BB%B6%E5%9B%BE%E7%89%87/%E6%9E%AA%E6%89%98/SR-3M%E6%9E%AA%E6%89%98%E5%B0%BE%E7%9B%96-removebg-preview.png
SVCH支点后托,枪托,https://hpromax.top/static/assets/ui-cutouts/%E9%85%8D%E4%BB%B6%E5%9B%BE%E7%89%87/%E6%9E%AA%E6%89%98/SVCH%E6%94%AF%E7%82%B9%E5%90%8E%E6%89%98-removebg-preview.png
UR特种战术枪托,枪托,https://hpromax.top/static/assets/ui-cutouts/%E9%85%8D%E4%BB%B6%E5%9B%BE%E7%89%87/%E6%9E%AA%E6%89%98/UR%E7%89%B9%E7%A7%8D%E6%88%98%E6%9C%AF%E6%9E%AA%E6%89%98-removebg-preview.png
UZI枪托,枪托,https://hpromax.top/static/assets/ui-cutouts/%E9%85%8D%E4%BB%B6%E5%9B%BE%E7%89%87/%E6%9E%AA%E6%89%98/UZI%E6%9E%AA%E6%89%98-removebg-preview.png
UZI枪托尾盖,枪托,https://hpromax.top/static/assets/ui-cutouts/%E9%85%8D%E4%BB%B6%E5%9B%BE%E7%89%87/%E6%9E%AA%E6%89%98/UZI%E6%9E%AA%E6%89%98%E5%B0%BE%E7%9B%96-removebg-preview.png
Vector共振一体式枪托,枪托,https://hpromax.top/static/assets/ui-cutouts/%E9%85%8D%E4%BB%B6%E5%9B%BE%E7%89%87/%E6%9E%AA%E6%89%98/Vector%E5%85%B1%E6%8C%AF%E4%B8%80%E4%BD%93%E5%BC%8F%E6%9E%AA%E6%89%98-removebg-preview.png
Vector枪托尾盖,枪托,https://hpromax.top/static/assets/ui-cutouts/%E9%85%8D%E4%BB%B6%E5%9B%BE%E7%89%87/%E6%9E%AA%E6%89%98/Vector%E6%9E%AA%E6%89%98%E5%B0%BE%E7%9B%96-removebg-preview.png
VSS精英一体枪托,枪托,https://hpromax.top/static/assets/ui-cutouts/%E9%85%8D%E4%BB%B6%E5%9B%BE%E7%89%87/%E6%9E%AA%E6%89%98/VSS%E7%B2%BE%E8%8B%B1%E4%B8%80%E4%BD%93%E6%9E%AA%E6%89%98-removebg-preview.png
